 1935; Luís de Magalhães
 1975; Hernâni Cidade
 1940; Agostinho José Fortes
 1947; Júlio Brandão
 1946; Alice Moderno
 1954; Carlos de Lemos
 Brasil; Neves e Sousa
 2005?; Egas de Bastos
 2003; José João Craveirinha
 1997; Fernando Soares
 1964; Daniel Filipe
 1952; António Plácido de Abreu
 Açores; João de Melo
 1257?; D. Paio de Coimbra
 1945; Gervásio Lima
 1908; Alberto Costa
 1928; Álvaro de Castro
 1943; Ruy do Vouga
 1957; Ernesto Ennes
 1974; Sara Beirão
 Açores; J. de Matos Bettencourt
 1971; Armando Côrtes Rodrigues
 1958; Joaquim de Carvalho
 1973; Edmundo de Bettencourt
XIX; Eduardo Cabrita
XIX; Alberto Carlos Cruz
XIX; José Vitorino da Fonseca
 1878; José Vicente da Gama
 ?; Artur António Mateus Serrano
 1972; Luís de Pina
 1990; Joaquim Rodrigues dos Santos Júnior
 ?; F. Cansado Gonsalves
 1989; António Salgado Júnior
 1953; António Ribeiro Ferreira
 1999; A. Gonçalves Rodrigues
 1961; Mário Portocarrero Casimiro
 1997; Orlando Ribeiro
 1993; Luciano Augusto de Sousa
 Séc. XVIII; Frei Amador do Desengano
 1892; Aristides Abranches
 1760?; Pedro José Supico de Morais
1923; Maurício de Queirós
XIII; João Soares Somesso
XVI; Henrique Lopes
 1635; Francisco Rodrigues da Silveira
XIII; Paio Soares de Taveirós
 1753; Sóror Maria do Céu
 1896; João de Mendonça
 1832; José Daniel Rodrigues da Costa
 1662; Manuel Bocarro
XVI; António de Abreu
 1963; Júlio Gonçalves
 1584; Francisco de Holanda
XV; João Gomes da Ilha
 1858; Francisco Ferreira Drumond
 Itália; Isaac Cardoso
 1868; António Augusto Correia de Lacerda
 1888; António Moniz Barreto Corte Real
 1857; Inácio Maria Feijó
 1738; Lourenço Botelho Sotomaior
 Japão; Pe. Luís Fróis
 1739; Caetano José da Silva Sotomaior
 1575; Pe. Luís Gonçalves da Câmara
 Séc. XX; Cacilda de Castro
 1959; António Cobeira
 1325; D. Dinis
XIII; João Cangera
XIII; Mem Rodrigues de Briteiros
 1948; Artur Tavares de Melo
 1946; Augusto Nobre
 1959; Gago Coutinho
 1928; Pedro de Azevedo
XVI; Miguel de Castanhoso
 1563; Frei Jerónimo de Azambuja
XVI; Afonso Álvares
XVI; Melchior Estaço do Amaral
XVI; Mestre Afonso
 1625; Frei Luís dos Anjos
XVI; Jerónimo Arrais
 1909; Rocha Peixoto
 1921; João da Rocha
 1903; Ernesto da Silva
 1933; Fortunato de Almeida
 1939; A. L. de Almada Negreiros
 1961; Marcelino Lima
 1928; Câmara Lima
 1946; Tito Martins
 1947; António Homem de Melo
 1918; João de Meneses
 1948; Viana da Mota
 1944; João Lopes Carneiro de Moura
 1925; Ilídio de Carvalho
 1946; Alberto Osório de Castro
 1928; José Soares da Cunha e Costa
 1923; João Diogo
 1937; António de Portugal de Faria
 1888; Hamilton de Araújo
 1939; Quirino da Fonseca
 1947; Caetano Gonçalves
 1960; José Osório Goulart
 1926; Camilo Pessanha
 1943; António Pinheiro
 1932; Joaquim Mendes dos Remédios
 1914; Fernando Sousa
 1930; Eugénio de Paula Tavares
 1894; Gabriel de Almeida
 1900; António Nobre
 1955; Norton de Matos
 1942; David Lopes
 1867 - Macau; Manuel da Silva Mendes
 1930; Pe. Luís Gonzaga de Azevedo
 1927; António Baptista
 1950; Tomás Borba
 1930; Raul Brandão
 1929; Mariano Cabral
 1902; Manuel Henrique Dias
 1940; Abel Fontoura da Costa
 1935; Bento Carqueja
 1860 - Lisboa; Joaquim António da Silva Cordeiro
 1943; Homem Cristo
 1934; Manuel da Silva Gaio
 1947; Guilherme Gama
 1923; Maximiano Lemos
 1934; José de Sousa Machado
 1949; Ludovico de Meneses
 1900; Luís Osório
 1929; Alice Pestana
 1899; Mariano Pina
 1946; Eduardo Schwalbach
 1932; Jaime de Séguier
 1933; Domingos Tarroso
 1941; Manuel Teixeira Gomes
 1941; António de Vasconcelos
 1952; José Maria de Queiroz Veloso
 1930; Júlio Cardoso
 1921; Joaquim Martins Teixeira de Carvalho
 1908; Trindade Coelho
 1944; Paiva Couceiro
 1910; Joaquim Augusto de Oliveira
 1900; José Augusto Nogueira Sampaio
 1882; João Teixeira Soares
 1907; José Inácio de Araújo
 1908; Frederico Francisco Stuart de Figanière
 1902; Augusto Luso
 1900; António de Serpa Pimentel
 1870; Pe. Francisco de Paula Mendes
 1865; António Pedro Lopes de Mendonça
 1881; Maria Adelaide Fernandes Prata
 1890; Camilo Castelo Branco
 1891; Latino Coelho
 1908; Augusto César de Lacerda
 1893; Luís Augusto Palmeirim
 1904; Henrique Midosi
 1880; João Brandão
 1859; Luís Correia Caldeira
 1898; Álvaro Rodrigues de Azevedo
 1890; Andrade Corvo
 1868; Joaquim Marcelino de Matos
 1875; José Maria de Andrade Ferreira
 1872; José Maria Brás Martins
 1876; Duarte de Sá
 1901; Pedro de Amorim Viana
 1860; Eduardo Augusto de Faria
 1871; Luís Augusto Rebelo da Silva
 1873; Joaquim Maria Rodrigues de Brito
 1897; Guilherme Read Cabral
 1901; Pedro de Sousa de Macedo
 1896; António Maria do Couto Monteiro
 1869; Faustino Xavier de Novais
 1861; Francisco Maria Bordalo
 1890; Henrique O'Neill
 1893; João Herméto Coelho de Amarante
 1898; José do Canto
 1887; Félix José da Costa
 1890; António Pereira Cunha
 1884; António da Silva Túlio
 1886; José da Silva Mendes Leal
 1887; Joaquim Pinto de Campos
 1997; António de Lacerda Bulcão
 1877; José Ribeiro Guimarães
 1884; Pinho Leal
 1883; José Maria da Silva Leal
 1850; Luís Maria Bordalo
 1899; Júlio Firmino Júdice Bicker
 1876; Inocêncio Francisco da Silva
 1854; João de Azevedo
 1882; Carlos José Caldeira
 1868; António Joaquim da Silva Abranches
 1876; Joaquim Maria Baptista
 1877; Alexandre Herculano
 1863; José Estêvão
 1879; Joaquim Heliodoro da Cunha Rivara
XIII; Juião Bolseiro
 Séc. XIII? - ?; Bernal de Bonaval
XIII; Pêro Garcia Burgalês
 1933; D. Tomás de Melo Breyner
 1930; Filomena Furtado de Serpa
 1885; António de Meneses
 1923; José Pereira Botelho Riley
 1931; José Joaquim da Silva Graça
 1922; Vicente Pindela
 1918; Augusto Rosa
 1923; José de Azevedo Castelo Branco
XIX; Ricardo Pinto de Matos
 1890; Luís Maria de Carvalho Saavedra Donas Boto
 1957; Caetano Campo
 1638; Pe. Estêvão Couto
 1549; D. Francisco de Portugal
XIII; Garcia Peres
 1738; Sebastião da Rocha Pita
XIII; João Garcia de Guilhade
 1787; Nicolau Luís da Silva
XIII; Bonifácio de Génova
 1882; Joaquim Pinto Ribeiro Júnior
 1913; António Tomás Pires
 1595; Públia Hortênsia de Castro
 1956; Pe. Francisco Rodrigues
 1919; Paulino Dias
 1948; Afonso Bourbon e Meneses
 1949; Teófilo Carneiro
 1947; Luís de Montalvor
 1953; José Adolfo Coelho
 1959; Augusto Navarro
 1992; Castelo Branco Chaves
 1972; António Medeiros Gouveia
 1992; Alberto Iria
 1989; Fernando de Pamplona
 1975; Francisco Keil do Amaral
 2006; Mário Ventura
1939; José Gil
 1876; António Luís Ferreira Girão
 1858; José Félix Henriques Nogueira
 1898; João Pedro da Costa Basto
 1892; D. António da Costa
 1890; Francisco Palha
 1892; Filipe de Quental
 1867; Augusto José Gonçalves de Lima
 1860; Soares de Passos
 1827 - Lisboa; Francisco Gomes de Amorim
 ?; António da Cunha Pereira de Sotomaior
 1874; José Joaquim de Torres
 1879; Félix de Brito Capelo
 1869; Arnaldo Gama
 1891; Estácio da Veiga
 1895; Alexandre Braga
 1883; Diocleciano Fernandes das Neves
 Almada; Bulhão Pato
 1896; João de Deus
 1928; Casimiro Cristóvão de Nazaré
 1911; Francisco Maria Supico
 1871; António Mendes Leal
 1875; Cláudio José Nunes
 1895; Ana Plácido
 1914; José Ramos Coelho
 1894; José Joaquim Pinheiro
 1909; Manuel Roussado
 1875; Joaquim Simões da Silva Ferraz
 1892; Acúrsio Garcia Ramos
 1878; Augusto Soromenho
 1889; José Eduardo Coelho
 1888; Jacinto Augusto de Freitas Oliveira
 1884; Augusto Filipe Simões
 1924; João Bonança
 1905; Mariano de Carvalho
 1882; J. Ricardo Cordeiro Júnior
 1907; Camilo Mariano Fróis
 1911; Adolfo Ferreira Loureiro
 1905; D. Tomás de Melo
 1907; Inácio Francisco Silveira da Mota
 1903; Conde de Ficalho
 1872; Vieira de Castro
 1917; Vicente Machado de Faria e Maia
 1919; João Penha
 1871; Júlio Dinis
 Índia; António Feliciano Marques Pereira
 1917; Manuel de Arriaga
 1920; Xavier da Cunha
 1913; Pe. Sena de Freitas
 1914; Gonçalves Viana
 1914; Amélia Janny
 1923; Francisco Machado de Faria e Maia
 1907; Guilherme de Vasconcelos Abreu
 1932; José Caldas
 1895; Manuel Joaquim Pinheiro Chagas
 1889; Alexandre da Conceição
 1920; Augusto Carlos Cardoso Pinto Osório
 1907; Júlio Lourenço Pinto
 1881; Alberto Osório de Vasconcelos
 1905; António Lúcio Tavares Crespo
 1910; Luís de Ataíde Corte-Real da Silveira Estrela
 1896; Joaquim José Lapa
 1914; Manuel Duarte de Almeida
 1902; Tomás Lino de Assunção
 1900; Luciano Cordeiro
 1910; Luís Jardim
 1934; Ludgero Viana
 1927; Alfredo Angra
 1870; Guilherme Braga
 1932; Augusto Mendes Simões de Castro
 1883; Gonçalves Crespo
 1925; Cândido de Figueiredo
 1910; José Frederico Laranjo
 1915; Faria e Maia
 1905; Rafael Bordalo Pinheiro
 1921; Maria Amália Vaz de Carvalho
 1916; João Dinis
 1911; J. P. da Silva Campos e Oliveira
 1935; Jaime Batalha Reis
 1920; José Fernandes Costa
 1919; Teixeira de Queirós
 1915; Ernesto Vieira
 1921; Anselmo Braamcamp Freire
 Sintra; Alberto Pimentel
 1896; José Augusto da Costa Resende
 1917; António de Campos Júnior
 1922; António Cândido
 1895; José António dos Reis Dâmaso
 1928; Sebastião de Magalhães Lima
 1911; Pe. Francisco José Patrício
 1906; António Henriques da Silva
 1911; Alberto Braga
 1902; Urbano de Castro
 1944; Bernardino Machado
 1908; D. João da Câmara
 1930; Manuel Joaquim Dias
 1913; Conde de Monsaraz
 1893; Eduardo de Barros Lobo
 1936; Pinto de Carvalho
 1948; Alice Lawrence Oram
?;   Pepetela
 1939; Pe. Luís Gonzaga Cabral
 1950; João Baptista Amâncio Gracias
 1938; Armando Navarro
 1964; Joaquim de Meira e Sousa
 1658; Frei António da Purificação
 1659; Soares Lusitano
 1697; Pe. António Vieira
 1681; Frei Jacinto de Deus
 1693; Pe. Manuel Fernandes
 1699; D. Fernando de Meneses
 1681; Frei António de Escobar
 1693?; Pe. Mateus Ribeiro
 1688; Fr. Jerónimo Baía
 1708; D. Gaspar Afonso
 1690; D. António Álvares Cunha
 1726; Frei Agostinho de Monte Alverne
 1682; Frei António das Chagas
 1705; Gregório de Matos
 1723; Soror Mariana Alcoforado
 1722; Pe. António Cordeiro
 1719; Manuel Pimentel
 1773; José da Cunha Brochado
 1734; Manuel Caetano de Sousa
 1735; Frei Pedro Monteiro
 1743; Tomás Pinto Brandão
 1739; Pe. Manuel Consciência
 ?; Francisco Botelho de Morais e Vasconcelos
 1760?; Soror Madalena da Glória
 1743; D. Francisco Xavier de Meneses
 1747?; Frei João Pacheco
 1759; Pe. Luís Calisto da Costa de Faria
 1772; Diogo Barbosa Machado
 1741; Francisco Afonso de Chaves e Melo
 1738; Pe. António dos Reis
 1773; Francisco de Pina e Melo
XVII; Diogo Camacho
 ?; D. Fradique da Câmara
 1708; Salomão de Oliveira
 1730; D. Caetano de Santo António
 1742; Pedro de Azevedo Tojal
 1763; Matias Aires
 1793; Teresa Margarida da Silva e Orta
 1789; Abade de Jazente
 1806; Duque de Lafões
 1771; Correia Garção
 1802; D. João de Almeida Portugal
 1800?; José Jácome Raposo
 1789; João Xavier de Matos
 1799; António Dinis da Cruz e Silva
 1819; Tomé Joaquim Gonzaga
 1801; Manuel Inácio de Sousa
 1826?; Pe. Francisco Furtado
 1824; João Cabral de Melo
 1787; José Anastácio da Cunha
 1810; Tomás António Gonzaga
 1818; António Ribeiro dos Santos
 1810; Domingos Maximiano Torres
 1811; Frei Alexandre do Espírito Santo Palhares
 1839; Marquesa de Alorna
 1816; Tomás António dos Santos e Silva
 1827; Barão e Visconde de São Lourenço
 1839; João Pedro Ribeiro
 1831; José Agostinho de Macedo
 1838; Inácio da Costa Quintela
 1834; José Acúrcio das Neves
 ?; André da Ponte
 1844; Vicente Pedro Nolasco da Cunha
 1855; José Liberato Freire de Carvalho
 1856; José Joaquim Bordalo
 1841; Frei António de Jesus
 1922; Eduardo Augusto Pereira Pimenta
 1938; José Agostinho
 1923; António de Albuquerque
 1929; António José de Almeida
 1896; Alfredo Alves
 1961; João Baptista Barreira
 1952; Martinho Brederode
 1933; D. Tomás de Melo Breyner
 Porto; Antero de Figueiredo
 1950; Jordão Apolinário de Freitas
 1896; Augusto Geraldes Mesquita
 1948; João Saraiva
 1934; João Verde
 1934; Coelho de Carvalho
 1947; Abade de Baçal
 1932; Guedes de Oliveira
 Madeira; Aires de Ornelas
 1925; António Sardinha
 1957; António Modesto
 1966; Avelino Cunhal
1960; Danuta Wojciechowska
 1955; Gastão Sousa Dias
 1963; João Baptista de Lima
 1956; João Evangelista Campos Lima
 1940; Álvaro Maia
 1970; Maria Isabel da Câmara Quental
 1945; Eduardo Fernandes
 1948; Alexandre Malheiro
 1916; Carlos Fernando de Mesquita
 1934; D. Tomás de Noronha
 1923; Manuel José dos Santos Farinha
 1950; João dos Reis Gomes
 1961; Mécia Mouzinho de Albuquerque
 1961; Mercedes Blasco
 1944; Agostinho de Campos
 1934; Martinho da Fonseca
 1939; Manuel da Câmara
 1944; Eugénio de Castro
 1895; Carlos Lobo de Ávila
 1995; Rui Assis e Santos
 1939; António Valdemar
 2000; Sebastião Alba
 1989; Ana Maria Alves
 1982; Duarte Faria
 1982; António José Vieira de Freitas
 1992; Maria Olímpia da Rocha Gil
 1980; Fernando Madureira
 1986; José António Silva Neto
 1974; Francisco da Cunha Leão
 2011; Maria Lúcia Lepecki
 1996; Osório Mateus
 2007; A. H. de Oliveira Marques
 1992; H. J. Barahona Fernandes
 1930; Cristóvão Aires
 1927; Acácio Antunes
 1929; Maximiano de Aragão
 1921; Júlio de Meneses
 1913; Augusto Ribeiro
 1910; António dos Santos Rocha
 1924; Rodrigo Alves Guerra
 1911; José de Lacerda
 1890; Coelho Mendes
 1930; Alexandre Morgado
 1906; Heliodoro Salgado
 1942; Manuel Augusto de Amaral
 1934; Brito Camacho
 1919; Xavier de Carvalho
 1942; José Augusto de Castro
 1925; Manuel Borges Grainha
 1949; Evaristo Cândido Monteiro Ramalho
 1930; Vítor Ribeiro
 1918; Alfredo da Silva Sampaio
 1896; Moniz Barreto
 1956; António Cabral
 1935; Lourenço Cayolla
 1925; João Chagas
 1918; Eduardo Coelho
 1920; João Marques da Costa
 1935; Vieira da Costa
 1929; Gomes da Costa
 1948; Alfredo da Silva Cunha
 1947; António Maria da Cunha
 1888; António Fogaça
 1914; Xavier Marques
 1928; Carlos Azevedo de Meneses
 1947; Júlio de Oliveira
 1944; Acácio de Paiva
 1949; Fernando Augusto da Silva
 1934; Luís Trigueiros
 1864 - Alcobaça; Costa Alegre
 1884; Eduardo Coimbra
 1937; Penha Coutinho
 1944; Garibaldi Falcão
 1933; Eugénio Sanches da Gama
 1926; Augusto de Lacerda
 1950; Duarte Leite
 1931; António de Lemos
 1945; Francisco Miranda da Costa Lobo
 1934; Manuel de Moura
 1914; Paulino de Oliveira
 1954; Albertina Paraíso
 1939; Maria Benedita Mouzinho de Albuquerque Pinho
 1928; Queirós Ribeiro
 1927; Marques Rosa
 1926; Luciano Pereira da Silva
 1832; Manuel Caetano Pimenta de Aguiar
 1944; Alberto Bramão
 1950; Sales da Veiga Coutinho
 1944; João de Azevedo Coutinho
 1932; Tito de Sousa Larcher
 1926; Joaquim de Lemos
 1927; Manuel António Lino
 1988; Abílio Teixeira Mendes
 1923; Júlio de Matos
 1913; Augusto Goltz de Carvalho
 1904; Joaquim Miranda
 1913; Eduardo Baptista Dinis
XV; Henrique de Almeida
 1509?; D. Álvaro de Ataíde
XV; Gregório Afonso
 1573; André de Resende
 1565; António Luís
 1507?; João Gomes de Abreu
 1508?; Jorge de Aguiar
 1556?; Gonçalo Anes Bandarra
 1548; D. João de Castro
 1548; André de Gouveia
 1580?; Brás de Albuquerque
 1563?; Gaspar Correia
 1557; António Galvão
 1553; Samuel Usque
 1521; Duarte Barbosa
 1558; Francisco de Sá de Miranda
 1540?; Francisco Álvares
 1509; Henrique Caiado
 1545?; Henrique (ou Anrique) da Mota
 1536?; Cristóvão Rodrigues Acenheiro
 1517; Duarte Galvão
 1533?; Duarte Pacheco Pereira
 1484; Frei João Álvares
 1466; Condestável D. Pedro
 1522; Rui de Pina
 1449; Infante D. Pedro
 Séc. XIV?; Vasco de Lobeira
 Séc. XV; Frei João Verba
 1440?; Mestre André Dias
 1433; D. João I
Séc. XIII; Afonso Mendes de Besteiros
XIII; Afonso Pais de Braga
 1233; Frei Soeiro Gomes
 1285?; D. João Peres de Aboim
 Séc. XIII; Rodrigo Anes de Álvares
XIII; Pêro de Ambroa
 1280?; Afonso Lopes de Baião
 Séc. XIV; Estêvão Fernandes Barreto
XIII; Pêro Viviães
XIII; João Zorro
XII; Frei Jerónimo de Alcobaça
XIV?; Vidal
 1280; D. Gonçalo Eanes do Vinhal
XIII; Pedro Velho de Taveirós
XIII; Mem Rodrigues Tenoiro
XIII; Estêvão Travanca
XIII; Nuno Treez
XIII; João Lopes de Ulhoa
XIII; Rodrigo Eanes de Vasconcelos
XIII; Airas Veaz
XIII; Fernão Velho
XIII; Rui Fernandes de Santiago
XIII; Fernão Gonçalves de Seabra
XIII; João Servando
XIII; Pedro Amigo de Sevilha
XIII?; Garcia Soares
XIII; João Garcia Sobrinho
XIII; Pedro Eanes Solaz
XII; Fernão Pais de Talamancos
XIII; João Vasques de Talaveira
 Séc. XIV; Estêvão Reimondo
XIII?; João de Requeixo
XIII; Vasco Martins de Resende
 1236; D. Gil Sanches
XIII; Sancho Sanches
 1212; D. Sancho I
XIII; Nuno Peres Sandeu
XIII; Airas Nunes
XIII; Vasco Peres
XIII?; Diego Pezelho
 1580?; Frei Sebastião Toscano
XVI; Pe. Francisco Saraiva de Sousa
 Séc. XVII; Manuel da Veiga Tagarro
 Séc. XVII; Pêro Salgado
 1622?; Frei João dos Santos
 1584?; Frei António de Sena
 1631; Samuel da Silva
 Séc. XVII; Fernão Rodrigues Lobo Soropita
 1582?; D. António Pinheiro
XVI; Sebastião Pires
XVI; Gabriel Rebelo
XVI; Jerónimo Ribeiro
XVI; Pe. Pedro Ribeiro
 Séc. XVII; Francisco Matos de Sá
 Séc. XVII; António Gomes de Oliveira
 1638; Frei Duarte Pacheco
 1638; Frei Baltasar Pais
 1601; Frei Guilherme da Paixão
XVI; Pedro da Costa Perestrelo
 1615; Pedro de Mariz
XVI; João Carvalho Mascarenhas
XVI; Vicente da Costa Matos
 Séc. XVII; Pe. António Mendes
XVI; Agostinho de Gavy de Mendonça
XVI; Jerónimo de Mendonça
 Séc. XVII; Pe. Manuel de Abreu Mouzinho
 1576; D. Gaspar de Leão
 1593; Jorge de Lemos
 Séc. XVII; Baltasar Gonçalves Lobato
 ?; Francisco Lopes
 1633; Frei Filipe da Luz
 1556; Pe. Pedro Margalho
 Séc. XVI; Pêro de Magalhães Gândavo
XVI; Álvaro Gomes
 ?; Rui Gonçalves
 1557; Diogo de Gouveia
XVI; Baltasar Dias
 1596; Frei Nicolau Dias
 Séc. XVI; João de Escobar
XVI; Diogo Fernandes
 1620; Constância Freire
 1586; Joana da Gama
 1563; Jorge Coelho
 1619?; Vasco Mouzinho de Quevedo Castelo Branco
 1593; António de Castilho
 Séc. XVII; D. Leonor Coutinho
 1626; Frei Afonso da Cruz
XVI; Frei Damião
 1759?; Alexandre António de Lima
 1744; José de Sousa
 1760?; Bernardo Gomes de Brito
 1743; Pe. José Pereira Baião
 1760?; Félix da Silva Freire
 1731; Manuel da Fonseca Borralho
 1749; D. Francisco Paulo de Portugal e Castro
 ?; Inácio Garcez Ferreira
 1747?; António Correia de Lemos
 1742; Pe. Jácome Gonçalves
 1750; D. José Barbosa
 1759; D. António Caetano de Sousa
 1759?; Francisco de Sousa e Almada
 1738; João Gomes da Silva
 1640?; Frei Manuel dos Santos
 1739; José Soares da Silva
 1735?; Francisco Leitão Ferreira
 1758; Frei Manuel Monteiro
 1760; José Freire de Monterroio Mascarenhas
 1757; Pe. Luís Caetano de Lima
 1749; D. Luís Cunha
 1737; Frei Fernando da Soledade
 1737; Alexandre Ferreira
 1723; Francisco de Vasconcelos
 1740; Frei Lucas de Santa Catarina
 1736; Frei Manuel de São Luís
 1709; Diogo Guerreiro Camacho de Aboim
 1716?; André João Antonil
 1731?; Nuno Marques Pereira
 1730; Frei Manuel Guilherme
 1711; Frei Manuel de Monforte
 1728; Frei Agostinho de Santa Maria
 1710; Pe. Manuel Bernardes
 1711; Pe. Manuel Luís Maldonado
 1709; Frei João dos Prazeres
 1734; Rafael Bluteau
 1698; André Rodrigues de Matos
 1690; D. Luís Xavier de Meneses
 1705; Feliciana de Milão
 1698; Frei António Lopes Cabral
 1697; Frei Bernardo de São Miguel
 1711; Manuel Botelho de Oliveira
 1693; Cristóvão Alão de Morais
 1701?; Frei Alexandre da Paixão
 1701; Pe. João da Fonseca
 1705; Pe. André Nunes da Silva
 1701; António de Vilas Boas e Sampaio
 1712; Pe. Manuel Godinho
 1724; Pe. Alexandre de Gusmão
 1692; Frei Eusébio de Matos
 1692; Francisco de Brito Freire
 1693; Capitão João Ribeiro
 1698; Pe. Bartolomeu de Quental
 1691; João Ferreira de Almeida
 1713; Pe. Francisco de Sousa
 1688; Pe. Fernão de Queirós
 1680; Duarte Ribeiro de Macedo
 1679; D. Frei Cristóvão de Almeida
 1684; António Serrão de Crasto
 1709; Pe. Luís Álvares
 1693; Frei Rafael de Jesus
 1689; Frei André de Cristo
 1679; Hierónimo Ribeiro de Carvalho
 1670; Manuel Mendes de Barbuda e Vasconcelos
 Lisboa; D. Francisco Manuel de Melo
 1663; António Barbosa Bacelar
 1667; Pe. Manuel Monteiro
 1664; Frei Belchior de Santana
 1674; Diogo Ferreira de Figueiroa
 1681; Pe. Bento Pereira
 1682; António de Sousa de Macedo
 Séc. XVII; Luís Mendes de Vasconcelos
XVI; Joana Vaz
XVI; João Vaz
 1647; Inácia Xavier
 1680; Frei Francisco Brandão
 1667; Pe. Manuel da Costa
 Séc. XVII; Francisco Soares Toscano
 1887; José Pereira Reis
 1876; 1º. Conde de Azevedo
 1891; José Silvestre Ribeiro
 1870; Inácio Pizarro de Morais Sarmento
 1875; Guilherme Centazzi
 1857; José Gregório Lopes da Câmara Sinval
 1893; Matilde de Sant'Ana e Vasconcelos
 1883; Antónia Gertrudes Pusich
 1850; Aires Pinto de Sousa de Mendonça e Meneses
 1844; António Maria de Sousa Lobo
 1859?; Jacinto Heliodoro Aguiar Loureiro
 1881; Emílio Aquiles Monteverde
 1891; João Albino Peixoto
 1877; José Maria de Almeida
 1862; Passos Manuel
 1844; Tibúrcio António Craveiro
 Séc. XVIII; Luís Ferraz de Novais
 1818; Pe. António das Neves Pereira
 Séc. XVIII; Francisco Raimundo de Morais Pereira
 Séc. XVIII?; Miguel Maurício Ramalho
 1875; António Feliciano de Castilho
 1774; Frei Manuel de Figueiredo
 1792?; Frei Manuel de Figueiredo
 Séc. XVIII; Luís Beltrão de Gouveia
XVIII; Gertrudes Margarida de Jesus
 1804; Manuel Rodrigues Maia
 1756; Veríssimo António Moreira de Mendonça
 1749 - Rio de Janeiro; Manuel Inácio da Silva Alvarenga
 Lisboa; Condessa de Atouguia
XVIII?; Jerónimo Moreira de Carvalho
XVIII?; João Jorge de Carvalho
 1791; Pe. Agostinho Rebelo da Costa
XVIII; Frei Manuel de S. Caetano Damásio
 1895; António Luís de Seabra
 1854; Almeida Garrett
 1867; António Caetano Pereira
 1861; Maria Browne
 1866; Joaquim César de Figaniére e Morão
 1860; Pe. Francisco Rafael da Silveira Malhão
 1875; João Soares de Albergaria de Sousa
 1873; Francisco Pedro Celestino Soares
 1846; Luís da Silva Mousinho de Albuquerque
 1873; Joaquim Pedro Celestino Soares
 1848; Joaquim António Magalhães
 1875; Marquês de Resende
 1854; José Maria da Costa e Silva
XV; Pêro de Sousa Ribeiro
 1489; Fernão da Silveira
 1536; Francisco da Silveira
 Séc. XV; Frei Bernardo de Alcobaça
 Séc. XV; Francisco Alcoforado
 1501; Pêro Vaz de Caminha
XV; Frei Pedro da Cruz
XV?; Frei António de Lisboa
 Séc. XVI; Tomé Lopes
XV?; António Tenreiro
 1578; Pedro Nunes
 1583; Fernão Mendes Pinto
 1566; António de Gouveia
 1577?; Lopo de Sousa Coutinho
 1585?; Jorge Ferreira de Vasconcelos
 1589; Pêro de Andrade Caminha
 1591; Gaspar Frutuoso
 1581; Aquiles Estaço
 1570; Gregório Silvestre
 1599?; André Falcão de Resende
 1569; António Ferreira
 1584; Frei Heitor Pinto
 1600; D. Frei Amador Arrais
 1588; Jerónimo Corte-Real
 1595?; Fernão do Oriente
 1591; D. Francisco da Costa
 1593?; Pe. Jerónimo Dias Leite
 1619; Frei Agostinho da Cruz
 1591; Gabriel Soares de Sousa
 França; Francisco Sanches
 1608; Pe. Álvaro Lobo
 1629; D. Frei João de Portugal
 1625; João Baptista Lavanha
 1632; Frei Luís de Sousa
 1633; Pe. João Rodrigues
 1617; Frei Bernardo de Brito
 1628; D. Frei António de Gouveia
 1621; Francisco Rodrigues Lobo
 1643; D. Rodrigo da Cunha
 1634; Pe. António de Andrade
 1640; Uriel da Costa
 1654; Frei Manuel Calado
 1632; D. Francisco de Portugal
 1649; Manuel de Faria e Sousa
 1644; Bernarda Ferreira de Lacerda
 1662; Marquês de Montebelo
 1656; Brás Garcia de Mascarenhas
 1671; Pe. Simão de Vasconcelos
 1665; Pe. Manuel de Galhegos
 1661; Francisco de Sá de Meneses
 Séc. XVII; André Álvares de Almada
XVI; Jorge Álvares
 1553; Doutor João de Barros
XVI; Frei Filipe das Chagas
 1591; António Ribeiro Chiado
 1570; Frei Gaspar da Cruz
XVI; Duarte Dias
 1665; Frei António da Encarnação
 1553?; Cristóvão Falcão
 Séc. XVII; António Pires Gonge
 1576; Diogo de (o Novo) Gouveia
XVI; Duarte Lopes
XVI; Frei Francisco Machado
 Séc. XVII; Manuel Mendes
 Séc. XVII; Martim Afonso de Miranda
 1561; Inácio de Morais
 1551; D. Tomás de Noronha
 1550?; Leonardo Nunes
 1593; Frei António de Portalegre
XVI; António Prestes
 1649; João Pinto Ribeiro
XVI; Frei Gaspar de São Bernardino
XVI; D. Simão da Silveira
XVI; Frei Elói de Sá Sotto Maior (Ou Sotomayor)
 Séc. XVI; Francisco de Sousa Tavares
 Séc. XVII; Pedro Teixeira
XVI; Pe. Francisco Vaz
XIII; Pêro da Ponte
 Séc. XVII; Álvaro Ferreira de Vera
 1693; Soror Violante do Céu
 1582; Frei Tomé de Jesus
 1595?; Diogo Bernardes
 1575; Diogo de Paiva de Andrade
 1598; Pe. Manuel Fernandes
 1572?; Pe. Gaspar Vilela
 1577; Miguel Cabedo de Vasconcelos
 1583; Pe. Manuel Álvares
 1599; Pe. Diogo Mendes de Vasconcelos
 1580; Luís de Camões
 1561; Jorge de Montemor
 1606; D. Manuel de Portugal
 1596?; Gonçalo Fernandes Trancoso
 1570; Pe. Manuel da Nóbrega
 Croácia); Diogo Pires
 1565?; Diogo de Teive
 1590; D. Frei Bartolomeu dos Mártires
 1580; Jerónimo Osório
 1591; D. Frei Marcos de Lisboa
 actual Grécia; Amato Lusitano
 1574; Gaspar Barreiros
 1585?; Fernão de Oliveira
 1572; D. Frei João Soares
 1574; Damião de Góis
 Séc. XVI; Frei Nicolau Vieira
XV; Henrique Aires Vitória
 1531; Lourenço de Cáceres
 1520?; Frei João Claro
XV; Martinho de Figueiredo
 1513; Frei Gomes de Lisboa
 1523; Jorge Pinto
XV; Álvaro Velho
 1513; Jorge da Silveira
 ?; Tristão Teixeira
XV; Aires Teles
XV; Diogo Velho
 Séc. XVI; Diogo Afonso
 1486; D. Lopo de Almeida
 1500?; Duarte de Resende
 1537; Jorge de Resende
XV; Henrique de Sá
XV; Diogo da Silveira
 1493?; Fernão da Silveira, o Bom
XIV; Gil Moniz
XV; Manuel de Noronha
XV; Nuno Pereira
XV; António Mendes Portalegre
 1432?; Martim Afonso de Melo
 1579; D. João Roiz de Sá e Meneses
 1523; D. Diogo Lobo [o Barão]
 1539; Nuno da Cunha
XV; Diogo Fogaça
XV; Manuel de Góios
 1922; Carlos de Moura Cabral
 1925; Carolina Michaëlis de Vasconcelos
 1910; Zófimo Consiglieri Pedroso
 1933; Francisco Gomes Teixeira
 1910; Miguel Bombarda
 1925; Eduardo Brasão
 1890; Alfredo Carvalhais
 1929; Sérgio de Castro
 1895; Gervásio Lobato
 1920; Feio Terenas
 1919; António José Gonçalves Guimarães
 1898; Roberto Ivens
 1923; Guerra Junqueiro
 1912; António Zeferino Cândido
 1903; Alberto Carlos
 1896; Sebastião Pereira da Cunha
 1904; Casimiro Augusto Vanez Dantas
 ?; José Nunes da Ponte
 1936; Joaquim de Vasconcelos
 1911; Maximiliano de Azevedo
 1945; José Nunes da Mata
 1919; Albino Estêvão de Vitória Pereira
 1932; Carlos Borges
 1922; Leonildo de Mendonça e Costa
 1907; Frederico Napoleão de Vitória
 1927; Alfredo Ansur
 1879; José Júlio dos Santos Nazaré
 1911; Silva Pinto
 1886; Amélia Cristina de Avelar
 1921; Gomes Leal
 1914; Eça Leal
 1911; Gabriel Pereira
 1899; Manuel Maria Rodrigues
 Cascais; Adolfo Coelho
 1918; J. A. de Oliveira Mascarenhas
 1905; Mendo Bem
 1900; Eugénio de Castilho
 1905; José de Sousa Monteiro
 1934; Adriano Antero
 1910; Fernando Leal
 1884; Pedro Gastão Mesnier
 1924; Guilherme João Carlos Henriques
 ?; Luís Manuel Júlio Frederico Gonçalves
 1910; Sousa Viterbo
 1925; Gaudêncio Carneiro
 1886; Luís Quirino Chaves
 1880; Urbano José de Sousa Loureiro
 1894; Oliveira Martins
 França; Eça de Queirós
 1928; Júlio Marques de Vilhena
 1922; Visconde de Sanches de Frias
 1921; José Augusto Carneiro
 1920; José Joaquim Lopes Praça
 1898; Guiomar Torresão
 ?; Vitorino de Almada
 1938; Diogo de Macedo
 Mealhada; Emídio Navarro
 1911; António de Sousa Bastos
 1868; Álvaro do Carvalhal
 1899; José Simões Dias
 1930; J. E. de Morais Sarmento
 1928; Anselmo de Andrade
 1921; Mariana Belmira de Andrade
 1911; Augusto Fuschini
 1923; Gomes de Brito
 1909; Henrique de Carvalho
 1891; Antero de Quental
 1890; Ernesto Rebelo
 1885; J. A. da Graça Barreto
 1924; Teófilo Braga
 1883; Pedro Augusto de Lima
 1877; Germano Meireles
 1903; Pedro Ivo
 1917; Augusto de Oliveira Cardoso Fonseca
 1912; Eduardo Garrido
 1910; Costa Goodolfim
 1916; António de Azevedo Castelo Branco
 1907; Eduardo Augusto Vidal
 1873?; Ernesto Pinto de Almeida
 1910; Zeferino Brandão
 1921; Pe. Luís Maria da Silva Ramos
 1920; Marquesa de Rio Maior
 1908; Alberto Sampaio
 1895; Hermenegilda de Lacerda
 1916; Augusto Epifânio
 1882; Luís Guedes Coutinho Garrido
 1917; Hermenegildo Capelo
 1913; Cipriano Jardim
 1920; José Bento de Araújo Assis
 1894; Fernando Caldeira
 1893; Custódio José Duarte
 1913; António Costa Lobo
 1924; Alberto Teles
 1896; José Joaquim Rodrigues de Freitas
 1919; Júlio de Castilho
 1882; Mariana Angélica de Andrade
 1906; Augusto César de Sampaio Loureiro
 1898; João Crisóstomo Mackonelt
 1993; Manuel Dias Belchior
 1980; António Aniceto Monteiro
 1993; Estêvão Mota da Costa
 ?; Fernando Ferreira
 ?; Xavier da Cruz
 1981; António Canavarro de Valadares
 1972; Pedro Teotónio Pereira
 1984; Álvaro J. da Costa Pimpão
 1977?; João Manuel Pacheco de Figueiredo
 Séc. XX; Eurico de Seabra
 Séc. XX?; Rosa Varela
 1920; Higino Mendonça
XIX; Martins Figueira
XIX; João António Marques do Amaral Guerra
 1930; António Cardoso de Faria e Maia
 1952; Sebastião da Gama
 1863; Visconde de Vilarinho de São Romão
 1856; António José de Lima Leitão
 1855; Domingos Borges de Barros
 1836; João Pedro Norberto Fernandes
 1850; Duque de Palmela
 1813; Manuel Matias Vieira Fialho de Mendonça
 1844; D. Frei Fortunato de São Boaventura
 1993; Goulart Nogueira
 1843; Fernando António Vermuel
 1840; Joaquim José Pedro Lopes
 1831; José Anselmo Correia Henriques
 1838; Francisco Manuel Trigoso de Aragão Morato
 ?; Luís José Baiardo
 1832; Joaquim José da Silva Maia
 1827; Pe. José António de Camões
 1846; José Joaquim Leal
 1836; José Maria Dantas Pereira
 1838; João Vicente Pimentel Maldonado
 1860; Ricardo José Fortuna
 1830?; Frei Cláudio da Conceição
 1850; João Pereira de La Cerda
 1804?; Francisco Álvares da Nóbrega
 1846; Silvestre Pinheiro Ferreira
 1833; Cândido José Xavier
 1845; Joaquim de Santo Agostinho
 1824?; Francisco de Paula Medina e Vasconcelos
 1847; Morgado de Assentiz
 1839; Francisco Vieira Goulart
 1845; Cardeal Saraiva
 1838; Belchior Manuel Curvo Semedo
 1814; Pe. António Pereira de Sousa Caldas
 1856; Francisco Joaquim Bingre
 1844; D. Francisco Alexandre Lobo
 1805; Manuel Maria Barbosa du Bocage
 1816; Francisco Manuel Gomes da Silveira Malhão
 1797; Bernardo António de Sousa
 1831; Luís Rafael Soyé
 1818?; Luís António Azevedo
 1824; António de Morais Silva
 1757 - Ubatuba; Francisco de Melo Franco
 1818; António Caetano do Amaral
 1824; Viscondessa de Balsemão
 1826; Pe. Valério da Cruz
 1795; Francisco Dias Gomes
 1816; Vitaliano José Brum da Silveira
 1827; Ricardo Raimundo Nogueira
 1793; Inácio José de Alvarenga Peixoto
 1822; Frei Joaquim de Santa Rosa de Viterbo
 1815; Joaquim Fortunato Valadares Gamboa
 1780?; José Gomes da Costa Gadelha
 1803; Joaquim José da Costa e Sá
 1811; Nicolau Tolentino
 1820; Bento José de Sousa Farinha
 1741 - Lisboa; José Basílio da Gama
 1800; Domingos Caldas Barbosa
 1798?; Teresa Josefa de Melo Breyner
 1802; Frei Vicente Salgado
 1811; Pe. Joaquim Horta de Fóios
 1819; Filinto Elísio
 Açores; D. Frei Alexandre da Sagrada Família
 1729; Cláudio Manuel da Costa
 1817; António Joaquim de Carvalho
 1787; António Lobo de Carvalho
 1801; Manuel de Figueiredo
 1799; Pe. José Caetano de Mesquita e Quadros
 1800; Teotónio Gomes de Carvalho
 1770; Domingos dos Reis Quita
 1808; Luís José Correia de França Amaral
 1777; Pe. Bartolomeu Soares de Lima Brandão
 1797; Pe. António Pereira de Figueiredo
 1896; António Lopes dos Santos Valente
 1905; Felizardo de Lima
 1909?; Rangel de Lima
 1903?; Zacarias d' Aça
 1901; Agostinho Albano
 1882; Guilherme de Azevedo
 1889; D. Luís I
 1904; Alves Mendes
 1883?; José dos Santos Palmela
 1920; Francisco José Nobre França
 1896; Bernardino Pereira Pinheiro
 1918; Francisco de Almelda
 1901; Agostinho de Ornelas
 1915; Ramalho Ortigão
 1895; José Maria da Cunha Seixas
 1893; Pedro Correia
 1897; João Pereira da Costa Lima
 1879; Ernesto Marecos
 1893; António Urbano Monteiro de Castro
 1893; Joaquim José Maria de Oliveira Vale
 1910; António Francisco Barata
 1890; Júlio César Machado
 1863; Rodrigo Paganino
 1915; Maria Cristina de Arriaga
 1900; Guilhermino Augusto de Barros
 1887; Manuel da Silva Lopes Cardoso
 1896; Tito de Noronha
 1886; João Augusto de Ornelas
 1905; António Manuel da Cunha Belém
 1870; Eduardo Augusto Salgado
 1899; Francisco Martins Sarmento
 1925; Henrique da Gama Barros
 1906; Luís de Araújo
 1906; Manuel Maria Portela
 1900; Manuel Bernardes Branco
 1901; Tomás Ribeiro
 1885; Eduardo Tavares
 1900; Ernesto do Canto
 1900; Luís Cândido Furtado Coelho
 1897; Miguel Roque dos Reis Lemos
 ?; António José Teixeira
 1879; M. E. da Mota Veiga
 1902; Francisco da Costa Braga
 1893; Abílio Augusto da Fonseca Pinto
 1865; José Maria do Couto Severim
 1870; Silva Gaio
 1865; Alfredo Possolo Hogan
 1866; Jorge Guilherme Lobato Pires
 1889; Visconde de Benalcanfor
 1991; António Jacinto
1924; António Duarte Lima
 2009; Irisalva Moita
XVI; Frei Pantaleão de Aveiro
 1681; Frei Francisco de Santo Agostinho de Macedo
 1655; Manuel Pires de Almeida
 1657; Jacinto Freire de Andrade
 1674?; João Franco Barreto
 1678; Frei Jerónimo Lobo
 1675; Pe. Baltasar Teles
 1559; Pe. António Francisco Cardim
 1677; Pe. António de Gouveia
 1639; Frei Baltasar Limpo
 1674; Frei Manuel do Sepulcro
 1651?; Pe. João de Vasconcelos
 1647; Pe. Francisco do Amaral
 1644; Frei João de São Tomás
 1659; Francisco Velasco de Gouveia
 China; Pe. Álvaro Semedo
 1665; Manuel Tomás
 1670; Frei Manuel da Esperança
 ?; António Lopes da Veiga
 Séc. XVII; António Soares de Albergaria
 1654?; João Pinto Delgado
 1663; Luís Brandão
 1655; Manuel Severim de Faria
 1637; Frei António Brandão
 1636; Miguel da Silveira
 1633; Frei João de Ceita
 1646; Pe. Manuel de Almeida
 1661?; Frei Leão de São Tomás
 1647; Frei Manuel das Chagas
 1642; Zacuto Lusitano
 1660; Diogo de Paiva de Andrade
 1626?; Gaspar Estaço
 1660; Frei Roque de Soveral
 1632; Gabriel Pereira de Castro
 1642; Pe. Bartolomeu Guerreiro
 1634; Frei Nicolau de Oliveira
 1647; Pe. Manuel da Veiga
 1656; Tomé Pinheiro da Veiga
 1641; Frei Bernardino da Silva
 1647; Leonel da Costa Lusitano
 1607; Pe. Bento de Góis
 1634; Pe. Diogo Monteiro
 1635?; Francisco Galvão
 1638; Estêvão Rodrigues de Castro
 1617; Frei Aleixo de Meneses
 1630; Baltasar Álvares
 1636; D. Margarida de Noronha
 1610; Pe. Francisco Fernandes Galvão
 1630?; Miguel Leitão de Andrade
 1634; Simão Machado
 1618; Bento Teixeira (ou Teixeira Pinto)
 1617; Pe. Fernão Guerreiro
 1624; Pe. Cosme de Magalhães
 1616; Diogo do Couto
 1622; Pe. Cristóvão de Gouveia
 1622; Frei Rodrigo de Deus
 1622; Gaspar Afonso
 1600; Pe. João de Lucena
 1597; Pe. José de Anchieta
 1595; Tomé Correia
 1614; Francisco de Andrade
 1610; Frei Luís de Cácegas
 1579; Frei Bernardo da Cruz
 1608; Duarte Nunes de Leão
 1599; Pedro da Fonseca
 1814; D. Frei Manuel do Cenáculo
 1804; Pe. Teodoro de Almeida
 1784; Frei José de Santa-Rita Durão
 1789; Damião António de Lemos Faria e Castro
 ?; Miguel do Couto Guerreiro
 1797; D. Tomás Caetano de Bem
 1773; Francisco José Freire
 1789?; Martinho Alão de Morais
 1792; Luís António Verney
 1775; D. José Miguel João de Portugal
 1800; Frei Gaspar da Madre de Deus
 1804; Pe. Tomás José de Aquino
 1739; António José da Silva, "O Judeu"
 1735; Pe. Manuel Tavares
 1655; Manuel Quintano de Vasconcelos
 1783; Cavaleiro de Oliveira
 1759?; Pedro Norberto de Aucourt e Padilha
 Séc. XVII; Pe. João Aires de Morais
 1660; Frei Frutuoso Pereira
 Séc. XVII; Frei Francisco da Porciúncula
 1672; D. Próspero dos Mártires
 1663; Luís de Abreu de Melo
 1684?; Frei Gaspar Pires Rebelo
 1737; Frei João do Sacramento
XVII; Frei Francisco de Santa Maria
 1666; Frei Manuel das Chagas
XVII; Soror Catarina de Cristo
XVII; António de Carvalhal Esmeraldo
 1708; Frei Fradique Espínola
 1692; João de Matos Fragoso
 1647?; Pe. João Nunes Freire
 1652; Frei Cristóvão de Lisboa
 1783; Francisco Vieira Lusitano
 1782; Ribeiro Sanches
 1775; Pe. João Baptista de Castro
XVII?; Manuel Pinheiro Arnault
 1693; D. Luís da Ascensão
XVII; Fernando Gomes Cabreira
 1768; Luís de Sousa Rebelo
 1929; Vicente de Almeida d' Eça
 1905; Júlio Howorth
 1939; J. T. da Silva Bastos
 1894; Miguel Eduardo Lobo de Bulhões
 1893; Pedro Carlos de Alcântara Chaves
 1880; Ernesto Biester
 1859; António Coelho Lousada
 1918; 2º. Conde de Samodães
 1916; António Frutuoso Aires de Gouveia
 1861; José de Almada e Lencastre
 1917; Francisco de Azevedo Cabral
 1870; Miguel Cobelos
 1876; Isidoro Sabino Ferreira
 1894; Miguel Street de Arriaga
 1992; Fonseca Amaral
 1985; Nuno Bragança
 1991; Paulo Cid
 1996; José Correia
 2006; Orlando da Costa
 1980; Jorge de Filgueiras
 1964; Nuno da Veiga Santos Fradique
 2004; Olga Gonçalves
 1987; Flávio Gonçalves
 Moçambique; Virgílio de Lemos
 2007; Mesquitela Lima
 1983; João de Castro Mendes
 1992; Graça Pina de Morais
 1977; Jorge H. Pais da Silva
 1995; Varela Silva
 1931; José Boavida Portugal
 1961; Asdrubal António de Aguiar
 1899; Vitorino de Almada
 1856; Rodrigo António de Almeida
 1944; Propécia Afonso
 Sintra; Marcos Algarve
 1956; Padre Américo
 Goa; Frederico Diniz de Aiala
 1922; João dos Santos Albasini
 1947; Constantino Magno Amaral Júnior
 1956; Álvaro Pinto
 1974; Lereno Antunes Barradas
 1918; D. António Barroso
 1918; Francisco de Almeida
 1974; José Julião do Sacramento Almeida
 1922; Mário de Almeida
 1944; Luís Vicente Álvares
 1954; António Barradas
 1886; Leite Bastos
 1916; Jacob Bensabat
 1960; Magnus Albrecht Bergoström
 1888; José Barbosa Leão
 1951; Raul de Caldevilla
 1910; João de Freitas Branco
 1861; Maria Browne
 1965; Juvenal A. Cabral
 1885; Maria Rita Chiappe Cadet
 1990; Francine Benoit
 1969; Francisco José Cardoso Júnior
 1973; Maria de Carvalho
 1854; Baronesa do Casal
 1856; Rodrigo de Azevedo Câmara
 1985; Rosa Capeans
 1974; José Salazar Carreira
 1926; Hipássio de Brion
 1889; Francisco António Pereira da Costa
 1955; José Maria Mendes Carneiro
 1922; Manuel Pereira Peixoto de Almeida Carvalhais
 1857; José Barbosa Canaes de Figueiredo Castelo Branco
 1960; P. J. Peregrino da Costa
 1922; D. Agostinho de Sousa Coutinho
 1907; Alves Crespo
 1900; J.  de Almeida da Cunha
 1914; José Luciano de Castro
 1949; Salvador José da Costa
 1930; Roberto Bruto da Costa
 1908; Joaquim Filipe Nery Delgado
 1932; José Matias Delgado
 1896; Pedro Dinis
 1944; Silvério da Rocha e Cunha
 1972; Filipe Gastão de Almeida D' Eça
 1960; Adolfo Sinval Costa
 2007; Eduardo Prado Coelho
 2008; António Alçada Baptista
 1987; José Mimoso Barreto
 1992; Manuel Cardoso Mendes Atanázio
 1585; D. Hilarião Brandão
XVI; António de Cabedo
 1569; Pe. Jerónimo Cardoso
 1855; João Martins de Almeida
 1947; Júlio de Almeida
 1856; José Maria Bordalo
XIX; Norberto Moura e Castro
 1973; Luís Cabral de Moncada
 1970; Cunha Leal
 1958; Carlos Pires de Lima da Fonseca
 1938; Vítor Mendes
 1953; Artur da Cunha Araújo
 1925; Aníbal de Andrade Soares
 1939; António Faria de Vasconcelos
 ?; Jorge de Abreu
 1950; Joaquim Costa
 1862; José Joaquim Rodrigues de Bastos
 1846; Francisco Solano Constâncio
 1846; João Miguel Coelho Borges
 1854; Francisco Freire de Carvalho
 1873; Francisco António de Campos
 1826; Nuno Álvares Pereira Pato Moniz
 1838; Francisca de Paula Possolo da Costa
 1814; António Xavier Ferreira de Azevedo
 1861; José de Sousa Bandeira
 1856; Visconde de Santarém
 1871; José Augusto Cabral de Melo
 1823; Bento Luís Viana
 1870; 2º. Conde de Lavradio
 1886; Vicente Ferrer Neto de Paiva
 1794?; Leonardo José Pimenta
 Séc. XIX; João António Monteiro de Azevedo
 1803; João Baptista Gomes
 1795; Frei José do Coração de Jesus
XVIII; José Ângelo de Morais
 Séc. XVIII; Pedro António Pereira
 1826; Fernando José de Queirós
 1857; António Aragão
 1890; António Ribeiro Saraiva
 1870; Pe. José Inácio Roquete
 1881; Marquês de Fronteira
 1891; Luz Soriano
 1874; Francisco Evaristo Leoni
 1889; Oliveira Marreca
 1882; Rodrigues Sampaio
 1887; Visconde de Juromenha
 1882; D. António Alves Martins
 1884; Francisco de Castro Freire
 1886; Maria Peregrina de Sousa
 1879; José Feliciano de Castilho
 1890; I. de Vilhena Barbosa
 1861; João de Aboim
 1870?; Serpa Pimentel
 1898; Joaquim da Costa Cascais
 1878; A. A. Teixeira de Vasconcelos
 1886; Francisco Manuel Raposo de Almeida
 1891; António Lourenço da Silveira Macedo
 1896; António Xavier Rodrigues Cordeiro
 1911; António Maria Eusébio
 1890; João de Lemos
 1887; Fontes Pereira de Melo
 1905; João Cândido Furtado
 1846?; Vicente Pereira de Carvalho Guimarães
 1865; Evaristo Basto
 1888; Paulo Midosi
 1909; Visconde de Sanches de Baena
 1898; Joaquim Martins de Carvalho
XIII; Nuno Porco (Ou Porto)
XIII; João Velho de Pedrogaes
 Séc. XIII; Abril Peres
XIII; Fernão Rodrigues Redondo
XIII; Rodrigo Eanes Redondo
 Séc. XIV?;   Mendinho
XIII; Mónio Fernandes de Mirapeixe
 Séc. XIII; Diego Moniz
XIII; Pêro Anes Marinho
XIII; D. Garcia Martins
XIII?; Pêro Martins
XIII?; Diogo Gonçalves de Montemor-o-Novo
XIII; Fernão Padrom
XIII; Martim Padrozelos
 Séc. XIV; Airas Pais
XIII; João 
XIII; Fernão do Lago
XIII; Fernão Figueira de Lemos
XIII; D. Lopo Liaz
XIII; Lourenço
XIII; João Romeu de Lugo
XIII; Martim Anes Marinho
XIII; Airas Peres Vuitoron
 1231; Santo António
 1277; Pedro Hispano
 1354?; D. Pedro Afonso, Conde de Barcelos
 1460; Fernão Lopes
 1438; D. Duarte
 1410? - ?; Gomes Eanes de Zurara
 1515; Afonso de Albuquerque
 1540; Aires Barbosa
 1535; Leão Hebreu
 1522?; Tomé Pires
 1536; Garcia de Resende
 1490? - Lisboa?; Bernardim Ribeiro
 1570?; João de Barros
 1559; Fernão Lopes de Castanheda
 1572?; Francisco de Morais
 1568; Garcia de Orta
XV; João Afonso de Aveiro
XV; Álvaro Barreto
 Séc. XVI; Duarte de Brito
XV; João Roiz de Castel Branco
XV; Duarte da Gama
XV; Luís Henriques
XV; João Roiz de Lucena
 Espanha; D. João Manuel
 1514?; D. João de Meneses
XV; Diogo de Pedrosa
 1500; Álvaro de Brito Pestana
XV; João Gonçalves
XV; Pedro Homem
XV; D. Luís de Azevedo
XV; João Barbato
 1530?; Diogo Brandão
XV; D. Goterres Coutinho
XV; D. Filipa de Almada
 1989; António Norton
 1986; Alexandre O'Neill
 2004; Natércia Rocha
 2009; António Maria Pereira
 1989; Rui Gomes Pereira
 1993; Carlos Pinhão
 1998; Clementino Pinto
 1981; Paulo Renato
 2011; Luiz Francisco Rebello
 2013; António Ramos Rosa
 1974; Alberto Machado da Rosa
 2012; Amadeu Torres
 1995; Manuel Simões
 1984; Arnaldo Araújo
1925; Lucinda Araújo
 2009; Taborda de Vasconcelos
 1920; César das Neves
 2012; José Hermano Saraiva
 1966; Graziela Saviotti
 2000; Manuel Gomes Guerreiro
 2008; Joel Serrão
 1989; Fernando Namora
 EUA; Jorge de Sena
 1983; Maria Manuela Couto Viana
 ?; Francisco  Xavier da Silva
 2006; Henrique Teixeira de Sousa
 1967; João Andresen
 2003; Pedro Cunha e Serra
 1995; Curado Ribeiro
 1975; Ruben A.
 2013; Nadir Afonso
 2011; Artur Agostinho
 1988; Domingos de Pinho Brandão
 1984; Raul de Carvalho
 2002; Mário Castrim
 1982; Alfredo de Barros
 1996; Joaquim Lopes Belchior
 1980; Joaquim Barradas de Carvalho
 1979; Manuel Romão Boavida
1920; Frei Joaquim Bonifácio
 2008; José Luís Cajão
 1953; Julião Soares de Azevedo
 1999; Amadeu Costa
 2000; Alberto Ferreira
 1985; Júlio Fragata
 2007; Celestino de Castro
 1984; Jacinto do Prado Coelho
 1985; Almeida Carrapato
 2001; Egito Gonçalves
 1967; Fortunato Coutinho
 1987; Armando Ventura Ferreira
 2004; Natércia Freire
 1978; Henrique Jorge
 1995; Francisco Mendes da Luz
 2010; J. V. de  Pina Martins
 1984; Maria Madalena de Cagigal e Silva
 1982; A. Teixeira da Mota
 Brasil; Sidónio Muralha
 1976; Egídio Namorado
 1977; Jorge Peixoto
 1929; Luís Galhardo
 1941; Artur Leitão
 1932; Avelino de Almeida
 1939; Ernesto de Melo
 Suíça; França Borges
 1950; Duarte Bruno
XIII; Paio de Cana
 1993; António Mendes Cardoso
 1921; José de Arriaga
XIII; João de Gaia
XIII; D. Gomes Garcia
 Séc. XIII; Martin de Ginzo
XIII; Golparro
 Séc. XIV?; A. Gomes
XIII; Rui Gomes - o Freire
XIII; Reimon Gonçalves
 1362?; Estêvão da Guarda
XII; Fernando Eanes
XII; Fernando Eanes
XII; Garcia Mendes de Eixo
 Séc. XIV; Estêvão Fernandes Elvas
 Séc. XIV; Airas Enjeitado
 Séc. XIV; Fernando Esquio
XIII; Estêvão Falão
XIII; Galisteu Fernandes
XIII; Mem Vasques de Folhete
 1295; Paio Gomes Charinho
XIII?; Martin Codax
XIII; D. João Soares Coelho
XIII; Airas Carpancho
 Séc. XIV; Afonso Fernandes Cubel
XIII; João Fernandes Dardeleiro
XIII; Caldeirón
 Séc. XII? - ?; Fernão Rodrigues de Calheiros
XIII; Vasco Rodrigues de Calvelo
XIII; Paio Calvo
XIII; João Nunes Camanês
XIII; Martim Campina
XIII?; - Cartuxo
XIII; Rui Martins do Casal
XIII; Nuno Eanes Cerzeo
 ?; D. Afonso X
 Séc. XV; Álvaro Afonso
XIII; Pêro de Berdia
 1993; Armindo Rodrigues
 1980; Alfredo Reguengo
 2004; Óscar Ribas
 1992; Luís Cabral Adão
 1994; Leopoldo Danilo Barreiros
 1967; José Galhardo
 1966; José Rafael Basto Machado
 1977; Artur Maciel
 1972; Caetano Montez
 1981; Alice Ogando
 1964; José Osório de Oliveira
 1958; Miguel de Almeida Paile
 1983; Amílcar Paulo
 1997; Viriato Camilo
 1930; Isabel Gouveia
 2002; Blasco Hugo Fernandes
 2008; Dinis Machado
 1962; Alda Lara
1930; Albano Martins
 2004; Maria de Lourdes Pintasilgo
 2008; Carlos Porto
 1958; Manuel de Azevedo Sequeira e Silva
1946; Lídia Jorge
 2009; Glória de Sant'Anna
 1966; Nelson de Barros
 2013; Marta de Lima
 1996; António Lino
 1990; António Dacosta
 1975; Lino de Abreu
 1976; Jorge Pereira Alves
 1970; Garibaldino de Andrade
 1989; Eduardo Metzner Leone
 1973; Costa Barreto
 1994; Joaquim Falcão Marques Ferrer
 1988; Armando Martins Janeira
 2000; António Losa
 1995; Afonso Rodrigues Queiró
 2005; José Pedro Machado
 1987; Franklin Ferraz dos Santos Marques
 1986; Joaquim Namorado
 1984; António Pires Prata
 1989; Isaura Correia Santos
 1990; Santana Quintinha
 2000; José Blanc de Portugal
 1991; Álvaro Salema
 1902; Eduardo Augusto de Sá Nogueira Pinto de Balsemão
 1922; Mons. Sebastião Rodolfo Dalgado
 1952; Joaquim Bensaúde
 1994; Alda da Silva Soromenho
 1991; Redondo Júnior
 1991; Luís Ribeira Seca
 1994; Carmo Vaz
 1942; Gil Ferreira
 1906; Bento da França
 1926; Carlos França
 1876?; Bernardino de Sena Freitas
 1991; José Augusto A. Teixeira
 1981; Godofredo Ferreira
 1903; Manuel Barbosa Leão
 1900; Gip 
 1965; Mário de Azevedo Gomes
 1932; Amadeu de Freitas
 1869; Francisco Luís Gomes
 1956; Luís da Cunha Gonçalves
 1920; Miguel Ângelo Lambertini
 1967; Ferreira Martins
 1898; Francisco Jacobetty
 1986; Manuel Joaquim
 1931; Luís de Figueiredo da Guerra
 1957; Laura Wake Marques
 1921; Pe. Manuel Francisco de Miranda
 1919?; Lino de Macedo
 1932; Cónego António Miranda de Magalhães
 1919; J. Fraga Pery de Linde
 1894; António Lopes Mendes
 1987; Aurélio Quintanilha
 1985; Oliveira Vidal
 1885; Carlos João Rademaker
 1971; Eduardo Correia de Matos
 1955; Froilano de Melo
 1903; Bernardo António Serra de Mirabeau
 1961; José Pontes
 ?; Albano da Silveira (ou da Silva) Pinto
 1955; A. B. de Bragança Pereira
 1960; Ruela Pombo
 1997; Antunes da Silva
 1984; H. Lains e Silva
 1973; Hernâni Anjos
 1963; Francisco José Tenreiro
 1982; José Monteiro Correia Alves
 1997; José Augusto Almeida
 2006; Luís Ferrand de Almeida
 Oeiras; João de Freitas Branco
 1959; Reinaldo Ferreira
 2014; António Rita Ferreira
 1996; Octávio Lixa Filgueiras
 1979; Eduíno Borges Garcia
 2000; António Pinheiro Guimarães
 Cabo Verde; Aguinaldo Fonseca
1922; Agustina Bessa Luís
 1976; Vasco Miranda
 1985; José Ferreira Monte
 1992; Joaquim Gomes Mota
 1994; Helder Prista Monteiro
 1979; Agostinho Neto
 2003; Pedro da Silveira
 2010; Luís de Sousa Rebelo
 2010; Luís Romano
 1996; Miguel Serrano
 ilhas Canárias; José Saramago
 1994; Salette Tavares
 1924 - Lisboa; Orlanda Amarílis
 2012; Manuel Taínha
 2012; Justino Mendes de Almeida
 2008; Ángel Campos Pámpano
 1964; José Fernando Rivera Martins de Carvalho
1927; Antero Alberto Ervedosa de Abreu
 1975; Santos Fernando
 1988; Mendes de Carvalho
 1996; David Mourão Ferreira
 2003; Eduardo Valente da Fonseca
 1982; Amadeu José de Freitas
 1992; Herlander Machado
 Arganil; João Alves das Neves
 1998; Lima de Freitas
 2009; Fernando Bragança Gil
 1984; Fernando de Melo Moser
 1983; Alice Sampaio
 1963; Cassiano Nogueira Guimarães
 1985; Francisco Sottomayor
 2010; António Telmo
 1999; Jaime Vilar
 1993; Rogério Paulo
 1991; António Reis
 2001; Geraldo Aresta
 2010; Fernando Aires
 1990; Mário de Andrade
 2008; Joaquim Montezuma de Carvalho
 1997; Orlando de Albuquerque
 1992; Graciete Nogueira Batalha
 1998; José da Felicidade Alves
 1925 - Setúbal; Miguel de Castro
 1978; Evagrio Francisco Jorge
 1991; Luís F. Lindley Cintra
 2007; Camilo de Araújo Correia
 1978; José da Costa
 1966; Lúcio Veiga Coutinho
1925; Maria Natália Miranda
 1983; Rui Jorge
 2008; Dias de Melo
 1990; António Tavares Manaças
 1957; Ângelo Raposo Marques
 2008; Luiz Pacheco
 1993; Reinaldo de Matos
 1998; Francisco Pereira de Moura
 1998; José Cardoso Pires
 2005; Jorge Reis
 1996; Vasco Riobom
 2002; Ilídio Rocha
 1990; José Ferreira Salgado
 2010; Jaime Salazar Sampaio
XIII; Pêro de Armea
1968; Luís Quintais
 1901 - Lisboa; Vitorino Nemésio
 2014; Vasco Graça Moura
1950; Silvina Rodrigues Lopes
 2002; José Martins Garcia
XIII; João Airas de Santiago
XIII; Afonso Soares Sarraça
 1260?; Martim Soares
XIII; Nuno Fernandes Torneol
XIII; Rui Martins de Ulveira
XIII; Pêro de Veer
XIII; Gil Peres Conde
XIII; - Picandón
XIII; Rui Queimado
XIII; Rui Pais de Ribela
XIII; Vasco Praga de Sandim
XIII; Pêro Larouco
XIII; Lopo 
XIII; Pêro Mafaldo
XIII; Pêro Meogo
XIII; Pêro Goterres
XIII; Pêro de Ornelas
 Séc. XIII; Afonso Eanes do Coton
XII; Osório Eanes
XIII; Fernão Garcia Esgaravunha
XIII?; Afonso Fernandes
XIII; Pedro Mendes da Fonseca
 1284; D. Gonçalo Garcia
XIII; Vasco Gil
XII?; Airas Moniz de Asme
XIII; João Baveca
XII?; Rui Gomes de Briteiros
XIII; Martim de Caldas
XIII; Pêro Gonçalves de Porto Carreiro
 Séc. XIV?; Afonso Fernandes Cebolhilha
 1336?; Estêvão Peres Coelho
 1247?; Fernão Fernandes Cogominho
XIII; Martim Peres Alvim
 1998; César de Oliveira
1927; Luís Gonzaga Ferreira Lambo
 2002; Noémia de Sousa
 2012; Fernando Lanhas
 2004; Severiano Falcão
 1995; Fernando Correia Marques
 1994; Francisco José da Gama Caeiro
 1981; Jacinto Soares de Albergaria
 2011; Jorge de Amorim
 1998; Carlos Eurico da Costa
 1998; Maria Aurora Santos Costa
 1973; Viriato da Cruz
 1985; Fernando António Duarte
 1985; Emílio Campos Coroa
 1945; Armando Soares Imaginário
 2010; Madalena Gomes
 1953; António Maria Lisboa
 2009; Tomás Jorge
 2007; Alberto de Lacerda
 2010; Alfredo Margarido
 1993; José Manuel
 1994; Virgílio Martinho
 1999; Ovídio Martins
 1992; Tiago Oliveira
 1998; D. António Ribeiro
 1994; Manuel do Rio Carvalho
 2005; João Reis
 1991; Adérito Sedas Nunes
 1996; Jorge Ferreira da Silva
 1987; José Afonso
 2010?; Marina Algarvia
 1928 - Paris; José Terra
 1913; Luís de Ataíde
 1956; Alberto Feio
 1958; Alfredo Guimarães
 1949; Henrique de Campos Ferreira Lima
 1942; Nicolau Archer de Lima
 1958; Cardoso Marta
 1965; Paulo Osório
 1957; Domingos Leite Pereira
 1950; Alfredo Pimenta
 1955; Luís da Silva Ribeiro
 1944; Pedro Vitorino
 1956; Ventura Ledesma Abrantes
 1962; Vasco de Mendonça Alves
 1924; Artur Arriegas
 1955; Luís Bernardo Leite de Ataíde
 1951; Maria Paula de Azevedo
 1957; João Bastos
 1940; Artur Botelho
 1946; Francisco Nogueira de Brito
 1929; Teobaldo da Câmara
 1903; Manuel Cardia
 1970; Augusto de Castro
 1883 - Porto; Leonardo Coimbra
 1922; Ângelo Jorge
 1948; Álvaro Neves
 1967; Ladislau Patrício
 1971; João Maria de Santiago Prezado
 1969; António Sérgio
 1972; Faustino dos Reis Sousa
 1958; Pe. Carlos da Silva Tarouca
 1958; Eduardo de Almeida
 1936; Carvalho Barbosa
 1918; Luís Francisco Bicudo
 1947; Henrique Brás
 1953; Oldemiro César
 1960; Jaime Cortesão
 1958; A. de Mira Fernandes
 1961; António Ferrão
 1948; Carlos Alberto Ferreira
 1969; Francisco Fernandes Lopes
 1926; Nascimento Mendonça
 1931; Francisco da Silva Passos
 1958; Maurício Augusto Águas Pinto
 1941; Raul Proença
 1970; Augusto Ricardo
 1949; Albino Forjaz de Sampaio
 1973; Alexandre Vieira
 1973; Manuel de Boaventura
 1952; António do Prado Coelho
 1934; Henrique Trindade Coelho
 1968; Emiliano da Costa
 1953; João Paulo Freire
 1934; José Pacheco
 1968; Julião Quintinha
 1953; Hipólito Raposo
 1961; Luís da Câmara Reis
 1962; João Pereira da Rosa
 1991; Mariana Amélia Machado Santos
 1978; Luís Teixeira
 1963; Leonel Ferro Alves
 1982; Maria Archer
 1942; Pedro Corsino Azevedo
 1991; Manuel Barbosa
 1937; Adeodato Barreto
 1978; A. Bobela Mota
 1974; José de Oliveira Boléo
 1905 - Lisboa; António Borga
 1980; Graciette Branco
 1966; Cordeiro de Brito
 1949; Francisco José Lahmeyer Bugalho
 1989; Norberto Lopes
 1992; Adelino da Palma Carlos
 1988; António Carreira
 1966; Mário Tavares Chicó
 1959; Xavier da Cruz
 1974; Jaime de Figueiredo
 1974; Branquinho da Fonseca
 1949; Alfredo Brochado
 1972; Carvalhão Duarte
 1989; David Ferreira
 1935; Reinaldo Ferreira
 1989; Manuel Rodrigues Lapa
 1971; Cristiano Lima
 1979; Álvaro Malafaia
 1929; António Alves Martins
 1957; António da Graça Miranda
 1978; João Cabral do Nascimento
 1973; Carlos de Ornelas
 1937; Duarte José de Viveiros
 1975; Mário de Albuquerque
 1983; Rogério Azevedo
 1983; Teresa Leitão de Barros
 1898 - Porto; Ferreira de Castro
 1954; Luís Vieira de Castro
 1962; Joaquim Figanier
 1983; Chianca de Garcia
 1981; António Luís Gomes
 1982; Oliva Guerra
 1968; Artur Inez
 1957; Visconde de Lagoa
 1968; Albino Lapa
 1971; Júlio de Castro Lopo
 1970; Mário Ferreira Marques
 1965; D. Manuel Trindade Salgueiro
 1929; José Dias Sancho
 1990; Eduardo Scarlatti
 1981; António de Sousa
 1977; Gil Vaz
 1962; António Gomes Vitorino
 1967; Virgínia Vitorino
 1978; Moses Bensabat Amzalak
 1968; Caetano Beirão
 1938; António Coelho
 1968; João Couto
 1958; António Dias
 1975; Assis Esperança
 1946; Raimundo Esteves
 1953; Augusto Ferreira Gomes
 1958; Irene Lisboa
 1974; Rodrigo de Sá Nogueira
 1977; Ana Adelina Bettencourt da Costa Nunes
 1949; António Ramiro
 1966; Fernando Santos
 1972; José Barbosa
 1974; José Manuel Sarmento de Beires
 1961; Alfredo Caetano Oliveira de Carvalho
 1966; Fernando da Silva Correia
 1977; Pe. Paulo Durão
 1968; Armando da Silva Ferreira
 1983; Maria Lamas
 1970; José de Almada Negreiros
 1982; Joaquim de Oliveira
 1988; Maria Henriques Osswald
 1977; Rolão Preto
 1971; Mário Saa
 1975; José de Oliveira San-Bento
 1980; Manuel Gustavo de Abreu e Sousa
 1964; Silva Tavares
 1939; Salema Vaz
 1975; João H. Anglin
 1960; Artur de Magalhães Basto
 1962; Gastão de Bettencourt
 1969; Rebelo de Bettencourt
 ?; Francisco Mendes de Brito
 1969; Américo Durão
 ?; César de Frias
 1970; Manuel Heleno
 1924; Francisco Levita
 1944; Francisco Newton de Macedo
 1951; Fernando Carvalho Mourão
 1975; Nuno Simões
 1949; Carlos Sombrio
 1980; Marta Câmara
 1895 - Caramulo; António de Cértima
 1922; Cândido Ferreira
 1965; Campos de Figueiredo
 1975; Eduardo Frias
 Brasil; Henrique Galvão
 1947; António Sousa Gomes
 1981; Ludovina Frias de Matos
 1973; Carlos Lobo de Oliveira
 1952; Virgílio Guerra Pedrosa
 1932; Augusto Telo
 1962; Aura Abranches
 1978; Júlio Andrade
 1969; 2.° Conde de Aurora
 1967; Leitão de Barros
 1966; Jaime Brasil
 1968; João da Chela
 1974; Eduardo Coelho
 1968; Joaquim Correia da Costa
 1957; Aires Pereira da Costa
 1941; Carlos Malheiro Dias
 1899; José Duro
 1944; João Eloy
 1954; Bento Faria
 1956; Joaquim Leitão
 1945; Luzia
 1953; Matias Boleto Ferreira de Mira
 1966; Manuel Neves
 1926; Ernesto Rodrigues
 1940; Chagas Roquete
 1963; João Rosa
 1904; Alfredo Serrano
 1930; Ferreira do Amaral
 1925; António Joaquim Anselmo
 1962; Júlio Dantas
 1920; Afonso Ferreira
 1938; Mário Gollen
 1934; Campos Monteiro
 1946; António Moreno
 1930; Bernardo de Passos
 1999; Maria Leonor Carvalhão Buescu
 2014; José Capela
 1932; Carlos de Abreu
 1962; Vieira de Almeida
 1969; Narciso Azevedo
 1940; Vitoriano Braga
 1977; D. Manuel Gonçalves Cerejeira
 1966; Laura Chaves
 1960; António Mendes Correia
 1944; Vergílio Correia
 1958; José Marques da Cruz
 1960; Jorge Brandão Figueiredo de Faria
 1967; Fidelino de Figueiredo
 1978; António Mendonça de Sousa Nunes
 1956?; José Lobo de Ávila Lima
 1922?; Eduardo Metzner
 1982; José de Bragança
 1973; Virgínia Rau
 1931; Mariano Joaquim da Piedade Gracias
 1953; Cândido Guerreiro
 1923; Roberto de Mesquita
 1931; Alfredo de Mesquita
 1935; Carlos Alberto Cruz de Oliveira
 1945; Pedro Bandeira
 1916; Cláudia de Campos
 1966; Domitila de Carvalho
 1955; D. João de Castro
 1937; Afonso Costa
 1941; Luís Xavier da Costa
 1918; Faustino da Fonseca
 1935; Álvaro Pinheiro Chagas
 1948; Luís Barreto da Cruz
 1945; Araújo Pereira
 1908; Pedro Duarte Pinto
 Ilha do Pico; Francisco Nunes da Rosa
 1949; Carlos Santos
 1910; Armando da Silva
 1935; António Oliveira Soares
 1949; Fausto Guedes Teixeira
 1930; António Carneiro
 1937; José de Figueiredo
 1941; Afonso Gaio
 1930; Mayer Garção
 1950; João Baptista Amâncio Gracias
 1934; João Grave
 1933; Delfim Guimarães
 1922; Beatriz Pinheiro de Lemos
 1921; Ângelo de Lima
 1949; Justino de Montalvão
 1935; Ana de Castro Osório
 1924; Henrique de Vasconcelos
 1953; João de Almeida
 1950; Manuel Arruda
 1935; Melo Barreto
 1935; Lutgarda Guimarães Caires
 Brasil; Maria da Cunha
 1929; Augusto Gil
 1957; Aleixo Gomes
 1947; Gavicho de Lacerda
 1940; Alberto de Oliveira
 1932; Maria O'Neill
 1944; César Porto
 1956; Rodrigo Rodrigues
 1959; Judith Teixeira
 1952; Mafalda Mouzinho de Albuquerque
 1945; Virgínia de Castro e Almeida
 1960; Félix Bermudes
 1917; Manuel Bernardo Maciel
 1958; Joaquim Madureira
 1927; Jacinto Machado de Faria e Maia
 1951; Samuel Maia
 1960; José Frederico Ferreira Martins
 1955; Egas Moniz
 1952; Manuel Fran Paxeco
 1911; Manuel Penteado
 1945; Alfredo Pinto (Sacavém)
 1942; Eduardo de Aguilar
 1964; Cândida Aires de Magalhães
 1956; Gaspar Baltar
 1993; Franco Nogueira
 1996; Dimas de Melo Pimenta
 1999; Tomás Ribas
 1993; Odette de Saint-Maurice
 1992; Fernando Piteira Santos
 1999; Miguel Trigueiros
 2011; Vitorino Magalhães Godinho
 1991; Gentil Marques
 2002; Fernando de Azevedo
 1991; Caetano Maria de Melo Beirão
 1998; Maria de Lourdes Belchior
 1995; José Palla e Carmo
 1994; Fausto Lopo de Carvalho
 2010; Henrique de Senna Fernandes
 2007; João Ruiz de Almeida Garrett
 2006; Júlio Graça
 1980; Mário-Henrique Leiria
1923; Eduardo Lourenço
 1998; José Manuel Pereira
 ?; Fernando Távora
 1999; Alexandre Pinheiro Torres
 2012; António Vera
 1994; Fernando Vieira
 2001; Diamantino Vizeu
 2003; Orlando Vitorino
 2005; Eugénio de Andrade
 1935; Fernando Pessoa
 1985; Pe. António Brásio
 1987; Eduardo Brasão
 1960; António de Assis Júnior
 1964; Manuel Braga
 1969; Laranjo Coelho
 1959; Emília de Sousa Costa
 1968; Tomás da Fonseca
 1955; Fernando Freiria
 1939; Manuel Garcia
 1960; José Joaquim de Oliveira Guimarães
 1912; Manuel Laranjeira
 1951; Joaquim Pires de Lima
 1957; David Magno
 1967; Zuzarte de Mendonça
 Amarante; Teixeira de Pascoaes
 1973; Silvina de Sousa
 1948; Eugénio Vieira
 1935; Visconde de Vila-Moura
 1958; Afonso Duarte
 1946; António Muralha
 1977; Jaime Lopes Dias
 1970; Manuel Vaz Ferreira de Andrade
 1957; José Bruno Carreiro
 1929; Hermano Neves
 1911; Tomás Cabreira
 1931; Rui Chianca
 1988; Aurora Jardim
 2004; José Augusto Alegria
 1985; Pe. Manuel Antunes
 1993; Noel Arriaga
 1974; Carlos de Azevedo
 2012; Papiniano Carlos
 1999; Armando Castro
 2012; Dalila Pereira da Costa
 1997; Costa Ferreira
 1988; Miguel Franco
 2009; Elviro da Rocha Gomes
 2011; Joaquim Lagoeiro
 1976; Manuel de Lima
 1951; Eduardo de Faria
 1971; Adelaide Félix
 1963; Veva de Lima
 1978; Pe. Domingos Maurício
 1967; António Montez
 1930; Augusto Ferreira Nobre
 1979; Américo Cortez Pinto
 1949; António Aleixo
 1968; Fernando Amado
 1982; Maria Archer
 1922; Afonso de Bragança
 1965; Tomás Ribeiro Colaço
 1985; João de Araújo Correia
 1954; Augusto da Costa
 1974; Julieta Ferrão
 1960; João Carlos Celestino Gomes
 Marrocos; José Bruges de Oliveira
 1970; João de Castro Osório
 1984; António de Almeida
 1980; M. Lopes de Almeida
 1960; José Bacelar
 1955; Ascenção Barbosa
 1976; José de Paiva Boléo
 1995; Mário Brandão
 1994; Fernanda de Castro
 1972; Ângelo César
 1920; Carlos Cochofel
 Goa; Xavierito Coelho
 1988; Francisco Costa
 1959; António Boto
 1981; Humberto Cruz
 1960; Tomaz Vieira da Cruz
 1985; José Gomes Ferreira
 1944; Afonso de Dornelas
 1954; Mesquita de Figueiredo
 1947; João Gouveia
 1940; Alberto Carrasco Guerra
 1967; Jaime do Inso
 1918; João Lúcio
 1976; José da Costa Nunes
 1934; Manuel Pinto
 1970; Reinaldo dos Santos
 1962; Gustavo de Matos Sequeira
 1946; Avelino de Sousa
 1946; Artur Bivar
 1926; André Brun
 1946; Jaime Câmara
 1921; António Granjo
 1953; Henrique Marques Júnior
 1969; Virgínia Lopes de Mendonça
 1964; Nuno de Montemor
 1958; Carlos Olavo
 1933; Raposo Oliveira
 1951; Luna de Oliveira
 1960; João Correia de Oliveira
 1934; José Teixeira Rego
 1962; José Saraiva
 1948; Olga de Morais Sarmento
 1965; A. Botelho da Costa Veiga
 ?; Alberto Xavier
 1977; Ricardo Rosa Y Alberty
 1915; Miguel de Sousa Alvim
 2000; Vitor da Cunha Rego
 1989; Pe. Manuel Vale
 1996; Carlos Alberto Ferreira de Almeida
 1995; Manuela Amaral
 1989; Mário António
 1978; António Areal
 1957; Francisco Lage
 1883 - Areias; Augusto César Pires de Lima
 1934; Manuel Eugénio Massa
 1944; Henrique Perdigão
 1987; João Sarmento Pimentel
 1971; Urbano Rodrigues
 1956; Augusto de Santa-Rita
 1950; Ernesto Sardinha
 1954; Alberto da Veiga Simões
 1959; Domingos de Gusmão Araújo
 1952; Norberto de Araújo
 1940; Luís de Sá Cardoso
 1982; Mário Cardoso
 1973; Maria de Carvalho
 1967; Augusto Casimiro
 1975; Luís Chaves
 1958; Armando Marques Guedes
 1959; João de Lebre e Lima
 1965; Artur Ribeiro Lopes
 1959; Diogo de Macedo
 1977; Paulo Merêa
 1959; Alberto de Monsaraz
 1953; João Pina de Morais
 1976; Damião Peres
 1946; Abel Salazar
 1970; António de Oliveira Salazar
 1970; Frazão de Vasconcelos
 1961; António Baião
 1904; Floriano Barreto
 1948; Nunes Claro
 1951; Urbano de Dias
 1944; Chagas Franco
 1956; Manuel da Silva Greaves
 1960; Júlio de Lemos
 1956; Joaquim Manso
 1932; Bento Mântua
 1963; Adelino Mendes
 1930; António Patrício
 1941; Manuel Ribeiro
 1970; João Soares
 1946; Afonso Lopes Vieira
 1932; Jorge de Abreu
 1969; Joaquim Agostinho
 1946; Carlos Amaro
 1958; Luís Cardim
 1961; Sousa Costa
 1922; António Aurélio da Costa Ferreira
 1975; Raul Lino
 Esposende; António Correia de Oliveira
 1958; Jorge Santos
 1910; Rodrigo Solano
 1952; Amadeu Cerqueira de Vasconcelos
 1961; Elói do Amaral
 1960; João de Barros
 1942; Joaquim Ribeiro de Carvalho
 1945; Branca de Gonta Colaço
 1946; Alfredo Cortês
 1952; Celestino David
 1974; José Luís Peixoto
 2012; Manuel António Pina
 1917; Manuel Ferreira Ribeiro
 1960; Matos Romão
 1964; Frei Lázaro Ribeiro da Silva
 1943; Jaime Lobo e Silva
 1899; Ana Amália Moreira de Sá
 1923; Patrocínio Ribeiro
 1951; Daniel José Rodrigues
 1855; José Barbosa
 1972; Joaquim Silveira
 1987; Maria da Soledade
 1904; Alfredo Vasques Troni
 1946; Francisco Xavier Anacleto da Silva
 1910; Manuel Fernandes Santana
 1962; Pe. Raul Machado
 1970; Tomás de Figueiredo
 1995; Almerindo Lessa
 1960; Manuel Múrias
 1971; José Lopes de Oliveira
 2006; Mário Cesariny de Vasconcelos
 2007; Fernanda Botelho
 2007; António Cabral
 2005; Isabel de Castro
 1971; Fernanda Espinosa
 1989; João Palma Ferreira
 1931 - Lisboa; António José Forte
 2008; Maria Gabriela Llansol
 1991; Pe. Virgílio Lopes
 2005; Matos Maia
1931; Maria Helena Mira Mateus
 1987; Anthony de Mello
 2013; Guilherme de Melo
 1989; Maria da Conceição Couto Viana
 1977; Mário Gonçalves Viana
 1967; Tomás Alcaide
 1964; Almeida Amaral
 1901 - Lisboa; Guedes de Amorim
 1987; C. Torre de Assunção
 1964; José de Aiala Boto
 1971; António Pereira de Sousa da Câmara
 1974; José Canelas
 1948; Bento de Jesus Caraça
 1977; Mário de Castro
 1979; Aurora Constança
 1969; Félix Correia
 1957; Maria Antonieta de Lima Cruz
 1965; Bertino Daciano
 1971; Ralph Delgado
 1987; Virgílio Godinho
 1984; António Aurélio Gonçalves
 1998; António Nogueira Gonçalves
 1998; Luís de Oliveira Guimarães
 1971; Luís  Pastor de Macedo
 1995; João Teixeira de Medeiros
 1980; José Rodrigues Miguéis
 1956; Sofia Serra e Moura
 1962; Consiglieri de Sá Pereira
 1959; Artur Portela
 1984; Rogério de Figueiroa Rego
 1964; Haydée Sepúlveda
 1963; Jorge Simões
 1935; João de Almeida
 1982; João Ameal
 1974; João Pedro de Andrade
 1971; Jorge Barbosa
 1966; Mário Macedo Barbosa
 1963; José Loureiro Botas
 1984; António Rodrigues Cavalheiro
 1992; José Crespo
 1983; Saúl Dias
 1991; José Augusto Sant'Anna Dionísio
 1994; António Álvaro Dória
 1984; Mário Lyster Franco
 1978; José Gamboa
 1974; Vítor Ramos
 1969; Mário Sacramento
 1980; Bernardo Santareno
 1988; Clementino Domingos Baeta
 1995; Joseph Barros
 1991; José Neves Águas
 1982; Leonel Alves
 1993; Francisco de Sousa Tavares
 2010; Matilde Rosa Araújo
 1991; Carlos Callixto
 1998; Maria Judite de Carvalho
 2008; António Aragão
 1997; Olívio José Caeiro
 1992; Helder de Mendonça Cunha
 2005; Eduardo Damas
 1989; Lígia Toledano Esaguy
1921; Mário Braga
 1987; Amândio César
 1962; Carlos Maria de Araújo
 2000; Eurico da Fonseca
 1960; Jorge de Freitas
 1994; Orlando Gonçalves
 2005; Vasco Gonçalves
 2002; Fernando Bandeira Ferreira
 1988; António Vilar da Costa
 1991; Rui Grácio
 1921; Jorge Listopad
 1996; Jorge Borges de Macedo
 1996; Leonel Neves
 2005; Luís António Domingues Polanah
 1996; Carlos Lemonde de Macedo
 1972; Carlos Montanha
 1981; Carlos de Oliveira
 2009; Edgar Rodrigues
 1994; Tomás da Rosa
 2003; Henrique Barrilaro Ruas
 1994; Laginha Serafim
 2013; Américo da Costa Ramalho
 2004; Victor de Sá
 1988; Ernesto de Sousa
 1961; Frei Bernardo de São José
 1953; João Baptista Vilares
 1984; Pe. António Lourenço Farinha
 1880; Dom Aires de Ornelas e Vasconcelos
 1930; Aires de Ornelas de Vasconcelos
 1946; Tomás Simões Viana
 1893; José Falcão
 1982; António Alberto Banha de Andrade
 1901; António Enes
 1997; Pe. José Quelhas Bigotte
 1986; Ruy Cinatti
 1980; Eduardo Freitas da Costa
 1994; José Sebastião da Silva Dias
 2007; João Falcato
 2004; Kaúlza de Arriaga
 2006; Margarida de Abreu
 1967; Tomaz Kim
 1987; Luís Veiga Leitão
 1985; Alexandre Lobato
 1983; Francisco Ferreira da Mata
 1992; Alfredo de Matos
 2000; Luís Forjaz Trigueiros
 1977; Guilherme Braga da Cruz
 1973; Carlos Cal Brandão
 1929; Maria Ermelinda Pinto Moreira Brandão
 1980; Marcelo Caetano
 1997; Rómulo de Carvalho / António Gedeão
 1965; Humberto Delgado
 1980; Francisco Sá Carneiro
 1990; Manuel Joaquim Delgado
 1995; Frei Francisco Leite de Faria
 1994; Jaime Ferreira
 1971; Maria de Figueiredo
 2000; Augusto Fraga
 1976; José de Freitas
 2001; Rogério de Freitas
 1987; Pe. João Gameiro
 1996; Irene Gil
 1983; Alice Gomes
 1995; José de Lemos
 2000; Mário Tavarela Lobo
 1979; Pe. Diamantino Martins
 1972; João Mendes
 1987; Judith Navarro
 1998; Joaquim Pacheco Neves
 1990; Ernesto Veiga de Oliveira
 1992; Maria de Santa Isabel
 1971; Manuel de Castro
 2004; Maria Rosa Colaço
 2009; João Bénard da Costa
 2005; Orlando Neves
1936; Martim de Albuquerque
 2009; Fernando Costa Andrade
1936; António Arnaut
 1996; Luís Filipe Cardona
 2002; Álvaro Guerra
 1997; Nuno Bermudes
 1973; Amilcar Cabral
 2001; José Gonçalo Herculano de Carvalho
 2000; Maria do Mar Carvalho
 1995; Nataniel Costa
 Moçambique; Fernando Couto
 1988; João Apolinário
 1980; Vasco de Lima Couto
 1961; Alexandre Dáskalos
 1996; Rui Mendes Paula
 1989; Florival de Passos
 2002; António Paulouro
 1973; A. Miranda Barbosa
 1993; António Quadros
 2013; Urbano Tavares Rodrigues
 1980; Eduardo Teófilo
 2010; António Manuel Couto Viana
 2003; Augusto Abelaira
 2011; Luís Archer
 1949; José Aurélio
 2007; João Osório de Castro
 1949; João Dias
 2010; Alda Espírito Santo
 1986; João Evangelista Loureiro
 2000; Luzia Maria Martins
 1993; Luís de Sttau Monteiro
 1974; Pedro Oom
 1983; Ângelo Pimentel
 1998; José Rabaça
 1975; Vítor Matos e Sá
 1993; Mário Franco de Sousa
 2006; Artur Varatojo
 1990; Carlos Wallenstein
 1995; Salvador Dias Arnaut
 1942; Rui Sant'Elmo
 1975; Jerónimo Almeida
 1933; António Correia Pinto de Almeida
 1945; Cláudio Basto
 1970; Luís de Almeida Braga
 1917; Alfredo Castro
 1966; Pe. José de Castro
 1951; Joaquim Alves Correia
 1961; Ramada Curto
 1966; Vítor Falcão
 1983; Manuel Fragoso
 1962; Lapas de Gusmão
 1968; Arnaldo Leite
 1957; Sidónio Miguel
 1975; Ângelo Pereira
 1936; Ângelo Pinto Ribeiro
 1967; Herlander Ribeiro
 1970; António da Rocha Júnior
 1965; Mário Beirão
 1955; Luís de Freitas Branco
 1942; Pedro Cardoso
 1977; Mário Domingues
 1934; Mário Duarte
 1961; Félix Horta
 1947; Aarão de Lacerda
 1969; Serafim Leite
 1945; Fernando de Macedo Lopes
 1953; Manuel Francisco do Estanco Louro
 1972; Pedro Correia Marques
 1923; Artur de Matos
 1952; Maria Matos
 1949; Albino de Meneses
 1950; Carlos Parreira
 1958; Carlos de Passos
 1916; Mário de Sá Carneiro
 1973; Carlos Selvagem
 1947; Jaime de Balsemão
 1964; Joaquim Maria Cabral
 1972; Alberto Candeias
 1937; João da Silva Correia Júnior
 1977; Armando Cortesão
 1959; Jaime Rebelo Hespanha
 1918; António Ponce de Leão
 1985; Martinho Nobre de Melo
 1927; Luís Derouet
 1944; Espínola de Mendonça
 1978; Acúrcio Pereira
 1956; Alfredo Barata da Rocha
 2005; Álvaro Cunhal
 1993; Jacinto Baptista
 1989; Adolfo Simões Müller
 1989; Artur Moreira de Sá
 1972; Adolfo Casais Monteiro
 1994; João Afonso Corte-Real
 2000; Avelino de Jesus da Costa
 2008; Sacuntala de Miranda
 1995; Miguel Torga
 1993; Hugo Rocha
 1964; Raul Leal
 1969; António Gomes da Rocha Madahil
 1969; José Régio
 1991; José Rodrigues Júnior
 1987; João Gaspar Simões
 1995; Fernando Galhano
 1994; Agostinho da Silva
 1967; D. Sebastião Soares de Resende
 2003; Maria Ondina Braga
 1993; Manuel Duarte Brás
 1963; Aquilino Ribeiro
 1961; Romeu de Araújo Pimenta
 1975; Augusto Saraiva
 1933; Maria Anna Acciaioli Tamagnini
 1974; Amândio Tavares
 1991; Inácia Cid Teles
 1992; Carlos Ervedosa
 2010; Rosa Lobato de Faria
 1990; José Maria Noronha Feio
 1997; Rui Knopfli
 1977; Ernesto Lara Filho
 2010; Paulo Guilherme de Eça Leal
 1997; Dórdio Guimarães
 1987; Jacinto de Magalhães
 2010; Maria Aurora C. Homem
 2013; Ângela Caires
 1983; Manuel Granjeio Crespo
 1992; Casimiro Maria Felizardo
 2008; Pedro Bandeira Freire
 1989; Luiza Neto Jorge
 1997; Manuel Pinto Martins
 1998; Maria José Pinheiro
 2001; Afonso Praça
 1993; Jorge Campinos
 1995; Alípio Ferreira
 1977; Almeida Firmino
 2014; Rui Mário Gonçalves
 2008; Alberto Estima de Oliveira
 1984; Fernando Jasmins Pereira
 1995; Maria Carmelita Homem de Sousa
 Açores; Natália Correia
 1989; Pe. Albano Mendes Pedro
 1971; Frei D. Francisco Rendeiro
 1988; Ilídio Sardoeira
 1993; Mário Dionísio
 2004; Etelvina Lopes de Almeida
 1984; Manuel de Azevedo
 2007; Alexandre Babo
 1982; Fernandes Martins
 1983; Manuel Ferreira de Faria
 1995; Manuel António Ferreira
 1996; Vergílio Ferreira
 1996; Manuel Campos Lima
 1976; Leão Penedo
 1976; Henrique António Pereira
 1970; Sérgio da Silva Pinto
 1999; Pe. Benjamim Videira Pires
 1993; Maria da Graça Freire
 1991; Lília da Fonseca
 1993; José Gonçalinho
 1984; Aureliano Lima
 1981; Mário Mota
 1992; Luís de Albuquerque
 1996; José Joaquim Galvão Balsa
 1997; Maria da Trindade de Mendonça
 1990; Orlando Mendes
 1973; Mário Simões Milheiros
 1980; Maria Alexandrina dos Santos Teixeira
 1996; Alexandre Cabral
 1996; Romeu Correia
 1941; Álvaro Feijó
 1993; Vasco de Magalhães Vilhena
 1985; João Trindade Ferreira
 Oeiras; Manuel Ferreira
 1997; Veiga Ferreira
 1984; João Pinto de Figueiredo
 2002; A. de Almeida Fernandes
 1997; Octávio Rodrigues de Campos
 1996; Vera Lagoa
 1975; Alfredo Pereira de Lima
 2013; Óscar Lopes
 1999; Manuel Luís Pires Moreira
 1997; Francisco Pitta
 1996; António Maria Mourinho
 1973; Jofre Amaral Nogueira
 1951; António Nunes
 1993; António José Saraiva
 1992; Fernando Reis
 2004; Sophia de Mello Breyner Andresen
 1993; Henrique Martins de Carvalho
 1982; João José Cochofel
 2005; Sá Coimbra
 1992; Ricardo Alberty
 1994; Lopes de Araújo
 1960; Adolfo Oliveira Cabral
 1993; Fernando Sylvan
 1963; António Ferreira
 1931; G. L. dos Santos Ferreira
1919; Afonso Botelho
 1881; José da Silva Maia Ferreira
 1997; Pe. António Freire
 1972; L. Quintas Neves
 1897; Visconde de Ouguela
 1958; Elisa Pedroso
 1879; José Gomes Monteiro
 1993; José dos Santos Ferreira
 1986; João de Deus Lopes
 1996; Margarida Jácome Correia
 1993; Maria Cecília Correia
 1959; Sanz Vieira
 2002; Fernando Gusmão
 1993; Carlos Cunha
 1976; Augusto da Costa Dias
 1963; Humberto de Bettencourt
 1953; António de Cardiellos
 1955; Acúrcio Cardoso
 2009; M. S. Lourenço
 1989; José Sebag
 1989; Luís de Sousa Costa
 2004; Henrique Abranches
 1998; Reis de Andrade
1932; José Bento
 1997; Silva Costa
 2000; João Manuel Bairrão Oleiro
 1993; Anrique Paço d'Arcos
 1981; Manuel de Campos Pereira
 1964; Armando Vieira Pinto
 1966; Pedro Batalha Reis
 1982; Félix Ribeiro
 1979; Pe. Luís de Sousa Rodrigues
 1988; Emídio Santana
 1992; Alberto de Serpa
 1974; Flausino Torres
 1964; Manuel de Melo Adrião
 1989; Aguinaldo Andrade
 1992; Alves de Azevedo
 1982; António Correia
 1996; Beatriz Costa
 1974; Ferreira da Costa
 1973; Jorge Dias
 1929; Guilherme de Faria
 1984; António Belard da Fonseca
 1982; Rebelo Gonçalves
 1968; Luís Quartim Graça
 1989; Baltasar Lopes
 2005; Manuel Lopes
 1972; António Barbedo de Magalhães
 1988; Francisco Miguel
 1981; Roberto das Neves
 1982; António André Ngan
 1976; José Correia Pires
 1972; Manuel Frederico Pressler
 1949; Carlos Queirós
 1986; José Rodrigues Pereira Rosmaninho
 1959; Pedro de Moura e Sá
 1966; Delfim Santos
 1972; J. M. dos Santos Simões
 1979; Agostinho Gabriel de Jesus Cardoso
 1991; Rogério Correia
 2001; Margot Dias
 1991; Vasco da Gama Fernandes
 1985; Fernando Abranches Ferrão
 1996; João França
 1993; Pe. Alfredo Vieira de Freitas
 1993; Joaquim Angélico de Jesus Guerra
 1940; Arlete Argente Guerreiro
 1993; Adriano de Gusmão
 Reino Unido; Olavo de Eça Leal
 1973; Rui Correia Leite
 1987; Pedro Lemos
 1973; Fernando de Castro Pires de Lima
 1984; José Machado Lourenço
 1990; Mário Martins
 1990; Aníbal Soares de Mendonça
 1979; Joaquim Paço d'Arcos
 1993; Sebastião Abel Pestana
 1950; Manuela Porto
 1995; António Lopes Ribeiro
 1995; J. A. Pinheiro e Rosa
 1992; Isabel de Almeida
 1980; Fernando Ávila
 1986; Daniel Vieira Barbosa
 1970; Paulo Teixeira de Queirós de Barros
 1991; Zina Cabral
 1967; João de Brito Câmara
 1985; Luís Colaço
 1987; Xavier Coutinho
 1996; Juvenal Esteves
 1988; Otílio Figueiredo
 1977; Fernando Fragoso
 1949; Soeiro Pereira Gomes
 1941; Maria Clementina Pires de Lima
 1996; Luís Marino
 1985; Carlos Martins
 1943; Rui de Noronha
 1957; Eduardo Nunes
 1972; Maurício de Oliveira
 1966; António Pedro
 1991; Jaime Rebelo
 1990; João Augusto Silva
 1999; Manuel Baptista da Silva
 1968; Castro Soromenho
 1996; António de Spínola
 1982; Carlos Teixeira
 1994; Francisco Manuel Ventura
 1992; Reis Ventura
 1996; Guilherme José Ferreira de Assunção
 1997; Pedro Alvim
 1927; Pedro Fernandes Tomás
 1917; Angelina Vidal
 1927; António Augusto Cortesão
 1927; A. Ilharco
 1929; Wenceslau de Moraes
 1911; Júlio Moreira
 1924; Francisco Maria Esteves Pereira
 1923; 5º. Conde de Sabugosa
 1902; Mouzinho de Albuquerque
 1911; Conde de Arnoso
 1945; Artur Lobo de Ávila
 1933; João Lúcio de Azevedo
 1938; Amélia Cardia
 1952; António Rafael Ferreira
 1918; Firmino Pereira
 1920; Júlio Rocha
 1942; José Fernando de Sousa
 1886; Cesário Verde
 1934; António Arroio
 1939?; Ladislau Batalha
 Argentina; Abel Botelho
 1931; Henrique Lopes de Mendonça
 1898; Manuel Barradas Mergulhão
 1919; Marcelino Mesquita
 1896; António da Costa Santos
 1923; Basílio Teles
 1890; José Augusto Vieira
 1911; Fialho de Almeida
 1902; Teixeira Bastos
 1915; Sampaio Bruno
 1948; Gualdino Gomes
 1978; Mário Duarte
 1995; Ivone Balette
 1997; Al Berto
1949; Nuno Júdice
 1944; José Maria de Oliveira Simões
 1939; José Lorjó Tavares
 1905; Manuel Zerbone Júnior
 1942; José Maria Rodrigues
 1917; Joaquim de Araújo
 1936; João Pinto Ribeiro de Carvalho
 1918; Manuel Ferreira Deusdado
 1927; Manuel Gonçalves
 1939; Ricardo Jorge
 1913; Narciso de Lacerda
 1937; Rangel de Lima Júnior
 1929; José Relvas
 1946; César Rodrigues
 1942; Florêncio Terra
 1941; José Leite de Vasconcelos
 1915; Ernesto Viana
 1917; António Feijó
 1904; Luís António Gonçalves de Freitas
 1910; Joaquim Alfredo Gallis
 1927; Augusto Gama
 1936; Jaime de Magalhães Lima
 1933; Henrique Marques
 1913; Manuel Garcia Monteiro
 1948; Eduardo de Noronha
 1932; José Joaquim Nunes
 1905; Guilherme Augusto de Santa-Rita
 1931; Gil Mont' Alverne de Sequeira
 1977; Ramiro Correia
 2001; Marcelo Curto
 ?; Fernando Gil
 2000; José Carlos González
 2000; Ernesto Pinto Lobo
 1995; Fernando Assis Pacheco
 1984; José Carlos Ary dos Santos
 2004; José Augusto Seabra
 Cabo Verde; João Vário
 2007; Fiama Hasse Pais Brandão
 2010; Aníbal Pinto de Castro
XIX?; Tomás Maria de Almeida Manuel de Vilhena
 1764; João de São José Queirós
 Séc. XIX; António Manuel Policarpo da Silva
 1764; Agostinho Barbosa da Silva
 1994; Luís Filipe Aviz de Brito
 1998; A. Vicente Campinas
 1989; Vitorino Figueiredo de Almeida Campos
 1994; Ersílio de Oliveira Cardoso
 1989; António Augusto Ferreira da Cruz
 1992; Manuel Cavaleiro de Ferreira
 1993; Manuel da Fonseca
 1989; Cón. José António Martins Gigante
 1995; Luís de Matos
 1952; Rodrigo Melo
 ?; Agnelo Paiva
 1996; Pe. M. A. Bernardo Pintor
 1969; Alves Redol
 1911 - Cascais; Afonso Ribeiro
 1996; Manuel Rodrigues
 1993; João Rúben
 1939; Políbio Gomes dos Santos
 1991; José Marmelo e Silva
 1987; Eudoro de Sousa
 2009; Manuel Cid Teles
 1963; Augusto dos Santos Abranches
 1961; António Ramos de Almeida
 1980; Vasco Botelho de Amaral
 2012; Maria Augusta Alves Barbosa
 1987; Guilherme de Castilho
 1980; Alice de Azevedo Constant
 1984; Leiria Dias
 1986; Alberto Figueira Gomes
 1997; Manuel Viegas Guerreiro
 1992; Alberto Miranda
 1966; Manuel do Nascimento
 1999; Mário Neves
 1993; Flório José de Oliveira
 1989; Elza Paxeco
 1985; Faure da Rosa
 1977; Délio Santos
 1940; Vinha dos Santos
 1992; Noémia Seixas
 1992; Armando Carneiro da Silva
 1992; António Rodrigo Pinto da Silva
 2003; Pe. Manuel Teixeira
 1972; Silva Bastos
 2011; Edgar Carneiro
 1993; Pe. António de Carvalho
 1990; Sarah Pinto Coelho
 1957; Deolinda da Conceição
 1981; Francisco Carreiro da Costa
 1956; Joaquim Costa
 1955; Edmundo Curvelo
 1993; Túlio Espanca
 1992; A. Garibaldi
 1985; Patrícia Joyce
 2005; Ernesto Leal
 1996; Merícia de Lemos
 1913 - Porto; Ilse Losa
 1991; Alsácia Fontes Machado
 1974; Costa Mendes
 2002?; Raul Rego
 1984; Sebastião Martins dos Reis
 1981; Manuel Rocha
 1987; João dos Santos
 1992; Cón. Luciano Afonso dos Santos
 1975; Alfredo Guisado
 1967; Luís Reis Santos
 1970; Mateus Moreno
 1947; Augusto Cunha
 1930; Florbela Espanca
 1956; António Ferro
 1971; Anita Patrício
 1977; Aleixo Ribeiro
 1982; Manuel Ferreira Rosa
 1992; Octávio de Marialva
 1983; A. Gonçalves Pereira
 1975; Sérgio Frusoni
 1980; António de Navarro
 1992; Manuel de Paiva Boléo
 1979; Joaquim Azinhal Abelho
 1991; Luís de Pina
 1991; Pe. Agostinho Rodrigues
 2014; Fernando Correia da Silva
 1988; Henrique Alves Costa
 1990; José Gonçalves Serpa
 2002; Andrade de Gouveia
 1965; Viriato de Gouveia
 1964; Manuel de Oliveira Guerra
 1996; Florival da Silva Guerreiro
 1975; João Pinto da Costa Leite [Lumbrales]
 1993; Rui Nogar
 1993; Luís Pignatelli
 1997; José Valentim de Matos Prata
 2011; Pedro Vieira de Almeida
 1933 - Queluz; Ruy Belo
 Figueira da Foz; Idalécio Cação
 2006; António Cardoso
 1984; Carlos Lopes Cardoso
 2000; Lopes Cardoso
 1994; João Pedro Grabato Dias
 2010; Rogério Fernandes
 2010; Jorge Guimarães
 1994; José Luís Machado
 1933; Eduardo Olímpio
 1968; Cristovam Pavia
1947; Raul Malaquias Marques
 2011; Luís Dantas
 Itália; Inácio Monteiro
 2010; João Aguiar
 ?; Ana Maria
 2011; José Augusto Mourão
 1946; Domingos Lobo
 1508; Isaac Abravanel
1972; Simona Traina
 1914; Brito Aranha
 1900; Alves Correia
1931; Alberto da Costa e Silva
1947; Maria Estela Guedes
 Gondomar; Júlio Resende
 2007; Luís de Miranda Rocha
 1999; Daniel Faria
 1941; A. M. Pires Cabral
 1988; Fernão de Magalhães Gonçalves
 1641?; Afonso Guiral e Pacheco
 1960; Francisco Duarte Mangas
 ?; Menasseh Ben Israel
 1957; Jorge Sousa Braga
 1690; António de Oliveira Cadornega
 1555; Bento Fernandes
 1829; Francisco de Borja Garção Stockler
 1961; Augusto de Esaguy
 1762; Jacob de Castro Sarmento
 1572; Garcia Lopes
 Açores; Onésimo Teotónio Almeida
1965; Paulo José Miranda
 1349; Álvaro Pais
 2004; José Calvet de Magalhães
1956; Valdemar Cruz
 1190; Pedro de Alfarde
 1976; José Lopes Dias
 1719; Domingos Rodrigues
 Séc. XV; Vasco de Taranta
XIV; Rolando de Lisboa
 1772; Doutor Frey Manuel de Azevedo
1950; Helga Moreira
 1983; Horácio Bento de Gouveia
 1984; Armando de Lacerda
 1977; Alfred Lewis
 1990; Fernando Félix Lopes
 1992; Manuel da Cruz Malpique
 1942; Samuel de Matos Agostinho de Oliveira
 2000; Leite Pinto
 1947; Hipólito de Meneses Rodrigues
 1981; Marquês de São Paio
 1932; Frei Bernardo de Vasconcelos
 1987; Francisco Aires
 1979; D. Fernando Almeida
 1983; Viana de Almeida
 1980; Leão Ramos Ascensão
 1984; Rachel Bastos
 1975; Carlos Eduardo Bleck
 1973; Francisco Câncio
 1931; Jaime Ferreira Dias
 1980; A. J. Dias Dinis
 1953; Fausto Duarte
 1975; António Júlio de Castro Fernandes
 1973; Álvaro Reis Gomes
 1994; F. Cansado Gonsalves
 1975; Frei Martinho Barroco Guiomar
 1950; Diogo Ivens
 1975; Fausto José
 1978; Francisco de Assis de Oliveira Martins
 1993; Pe. António Alfaiate Marvão
 1982; Manuel Homem de Mello
 1980; Domingos Monteiro
 1969; Roberto Nobre
 1966; Ernesto Pereira
 1973; Vasco de Matos Sequeira
 1988; Torcato de Sousa Soares
 1975; Armando Tavares
 1981; Luís Carlos Nozes Tavares
 1920; Maria da Silva Vieira
 1980; Maria Guilhermina de Sotto Mayor e Abreu
 2000; Henrique de Barros
 1983; José Domingos Brandão
 1989; Costa Brochado
 1976; Amorim de Carvalho
 1992; José dos Santos Cravina
 1931; Carlos Eugénio Correia da Silva
 1955; Amadeu de Freitas
 1996?; Aurélia Borges
 1991; Elina Guimarães
 1993; Sílvio Lima
 1975; José Marinho
 1984; Pedro Homem de Melo
 1975; Armando Miranda
 1989; Maria José de Oliveira Monteiro
 1993; Adelino Vieira Neves
 1978; Armando Páscoa
 1985; César Augusto Pestana
 1980; Luís Maria da Câmara Pina
 1970; Anunciação Prudente
 1988; Durval Pires de Lima
 1969; José Inês Louro
 1968; Branca Mourinho
 1981; Noé Pestana
 1987; Paulo Quintela
 1983; José Redinha
 1986; António da Silva Rego
 1981; Álvaro Ribeiro
 1983; D. Manuel dos Santos Rocha
 1964; Carlos Hermenegildo de Sousa
 1992; José Rosa de Araújo
 1991; Laurinda Fernandes de Carvalho Araújo
 2001; Maria da Graça de Ataíde
 1992; António Henrique Balté
 1991; José Ramos Bandeira
 1988; José Gomes Branco
 1984; António José Brandão
 1939; Décio Carneiro
?; José Franco
 1973; Fernando Ferreira
 1996; Miguel Ângelo Barros Ferreira
 1964; Diogo Furtado
 1989; D. António Ferreira Gomes
 1994; Fernando Lopes Graça
 1990; Ricardo do Nascimento Jardim
 1979; José Honorato Gago da Câmara de Medeiros
 1969; Manuel Mendes
 1992; Moreira das Neves
1955; Mia Couto
 1265; Frei Gil de Santarém
 Séc. XVI; Gaspar Nicolás
XVI; Ruy Mendes
 Séc. XII?; Pedro Salvado
1977; Rachel Caiano
 2004; Rodrigo Emílio
 2014; Dóris Graça Dias
 1998; Wanda Ramos
 Séc. XVII; André de Avelar
 Séc. XVI; Diogo de Sá
 1558; Frei Luís de Granada
 1584; Frei Gaspar do Casal
 1652; Manuel Fernandes de Vila Real
 1815; Alexandre Rodrigues Ferreira
 1305; Estêvão Peres Froião
 1682; João Álvares Frovo
 1633; Frei Agostinho da Cruz
 Séc. XVII; António Fernandes
 1833; António da Silva Leite
 ?; Francisco Inácio Solano
 1844; Diogo Kopke
 2010; João Paulo Seara Cardoso
 1669; Jorge Cardoso
 1780?; Abade António da Costa
?; Fr. Vicente do Salvador
 1659; Frei Sebastião de Paiva
 1822; Manuel Fernandes Tomás
 1920; Jacinto de Brito Rebelo
 2012; Rui Costa
 1608; Pe. Henrique Henriques
 1823; Abade Correia da Serra
1963; Mário Cabral
 ?; Teodoro Correia
 1945; Deana Barroqueiro
 2006; Eduardo Alberto Ferro Rodrigues
XVI; Mestre Manuel Fernandes
 1506; Frei João da Póvoa
 1875; Filipe Nery Xavier
 1845; Cláudio Lagrange Monteiro de Barbuda
?; Baltazar Terlica
 2007; António Lopes
 1805; D. Frei Caetano Brandão
 ?; João Nogueira
 ?; Diogo de Carvalho e Sampaio
 1961; João Elói (ou Eloy) Vidal do Amaral
 1840; Sebastião Xavier Botelho
 1828; Pedro José Constâncio
1965; Gabriel Magalhães
?; Filipa Martins
 1984; João da Câmara Leme
 1971; Leonor Praça
1893; Salomé de Almeida
 2012; Maria Keil
 2002; Manuel da Costa e Melo
 1708; Pe. Tomás Pereira
 1825; Rodrigo Ferreira da Costa
 2007; João Alfacinha da Silva (Alface)
 2010; Carlos Pinto Coelho
 1977; Maria Valupi
 1973; Joel Neto
 ?; João Morais Barbosa
 1623; Jácome Carvalho do Canto
 2006; Sottomayor Cardia
 1618 - Lisboa; Diogo Gomes Carneiro
1947; Manuel da Silva Ramos
 1501; João Gonçalves da Câmara
XV; Afonso de Aboim
 2004; Eduardo Guerra Carneiro
 2008; Francisco Martins Rodrigues
 1619; Sebastião Gonçalves
 1563; Álvaro Abranches
 1630; Aleixo de Abreu
 1756; Brás Luís de Abreu
 1684; Cristóvão Soares de Abreu
 1516?; João de Abreu
 1818; João Manuel de Abreu
 1752?; José Rodrigues de Abreu
 1674; Sebastião de Abreu
 Séc. XVI; Vasco Gomes de Abreu
 1970; Manuel António Janeiro Acabado
 1811?; João Pinheiro Freire da Cunha
 1676; Pe. Lourenço de Aguilar
 1622; Brígida de Alarcão
XVII; Rui de Figueiredo de Alarcão
 1924; Caetano Alberto
 Séc. XVI; Frei Máximo de Aljubarrota
 1510; D. Francisco de Almeida
 África Central; Francisco José de Lacerda e Almeida
 1917; 2º. Marquês de Ávila e Bolama
XV; Branca Álvares
 1619; Pe. Manuel Álvares
 1749; Frei Martinho do Amor de Deus
 1595; Isabel de Castro e Andrade
 1863; José Inácio de Andrade
 1632; Pe. António Araújo
 1749; Jerónimo Contador de Argote
 1622; Pedro Páez
XVIII; António José da Costa Araújo
 Séc. XVII; João Salgado de Araújo
XV; Beatriz de Ataíde
 1647; D. António de Ataíde
XV; Fernando de Ataíde
 1516; Nuno Fernandes de Ataíde
 Séc. XIV; Frei Afonso da Atouguia
 1878; Caldas Aulete
 2008; Joaquim Castro Caldas
 Séc. XVII; Luís Avelar
 1830; José de Sousa Azevedo
 1652; Luís Marinho de Azevedo
 Séc. XVII; Fr. António Bacelar
 1863; Isidoro Emilio Baptista
 1559; Sóror Maria do Baptista
 1521?; Rui Barreto
 1773?; Soror Isabel do Menino Jesus
 Séc. XVI; João Bermudes
XV; D. Maria de Bobadilha
 2008; Renato Figueiredo
XV?; D. Branca
 Índia; Frei António Brandão
 1528; Fernão Brandão
 1682; Frei Gaspar Brandão
 1999; Marcelo Matias
 1828; Félix de Avelar Brotero
 1873; José Maria de Avelar Brotero
 1684; Pe. Luís Caldeira
 Séc. XVI; Gregório Martins Caminha
 1992; João Carneiro
XV; D. João de Castel-Branco
 1527; D. Martinho de Castel-Branco
 1746; D. José de Sousa Castelo Branco
 1908; Luís Teodoro de Freitas e Costa
 1967; Diogo Crespo
 1540; Tristão da Cunha
 1818; José Custódio de Faria
 1508; Tristão Fogaça
 2006; António Gancho
 2009; António dos Reis Rodrigues
 2006; Álvaro Lapa
 1684; Martim Afonso de Melo
 1522; D. João de Meneses
 2007; Miguel Baptista Pereira
 2009; João Maria dos Reis Pereira
 1935; Adelaide Cabete
 1920; Neno Vasco
 1955; Maria Veleda
 2009; Joaquim Figueira Mestre
 1979; Carlos Ferrão
 1964; Dulce Maria Cardoso
 1943; Adolfo Lima
 2008; Vera Vouga
 1932; António Augusto Gonçalves
XIII?; Frei Pedro de Alcobaça
1974; Madalena Matoso
 ?; Natividade Monteiro
 2011; Aldina (Forte)
 1631; Jerónimo Pimenta de Abreu
 1979; Fedra Santos
 1663; D. Frei José de Bretiandos
1976; Gabriela Sotto Mayor
 1954; Raul Esteves dos Santos
1968; Luís Silva
 1985; Margarete Barbosa
1941; Celeste Maia
 1940; Ricardo Severo
 1715; Frei António de Almada
 1999; Joaquim Magalhães
 1943; Francisco Toscano
 1968; Mário Augusto da Costa
 1939; Germano Campos Monteiro
 1977; Maria Teresa Andrade Santos
 1966; José do Nascimento Ferreira Dias Júnior
 1969; Alberto Lopes
 1928; Humberto Silveira Fernandes
 1975; Daniel Gonçalves
 1953; João de Deus Ramos
 2012; Alfredo Ribeiro dos Santos
1971; Alex Gozblau
1956; Ernesto Rodrigues
 2010; Rui de Brito
 1979; Guerreiro Murta
 1930; Diana de Liz
 1998; César Oliveira
 1974; Olga Alves Guerra
 1958; Fernando Campos
 1937; Alfredo Albuquerque Felner
 1945; 6º. Marquês do Lavradio
 1966; António de Aguilar
 1943; Armando Pinto Correia
 1952; Alberto de Almeida Teixeira
 1988; José Simões Martinho
 1985; Rafael Ávila de Azevedo
 1966; Jorge Frederico Velez Caroço
 1991; João Tendeiro
 2010; António Pocinho
1965; Pedro Leitão
 1937; Alberto de Morais Carvalho
1962; Pedro Morais
 1932?; Carlos Augusto Montalto de Jesus
 1925; Joaquim José Machado
1973; Rita Antunes
1968; Sandra Serra
 1955; Joaquim Espadinha
 1717; Antónia Margarida de Castelo Branco
 Almada; Emília Pomar de Sousa Machado
 1627; Padre António Feo
 1661; Padre Manuel Xavier
 1887; Carlos José Barreiros
 1902; Francisco de Assis Clemente
XIX; José Hermenegildo Correia
 2010; Maria da Saudade Cortesão Mendes
XVIII?; Paula da Graça
 1806; Manuel Gomes de Lima Bezerra
 1807; António Álvares
 1777; Manuel Álvares
 1826; José Diogo Mascarenhas Neto
 1935; Albano Coutinho
 1926; António Mariano da Cunha Goulart
 1999; Melo Antunes
XV; D. Rodrigo de Castro
 1798; Pascoal José de Melo
 1790; António Félix Mendes
 1858; António Pereira de Figueiredo
 1675; Nicolau de Santa Maria
XII; João Camelo
 1486; Frei João Sobrinho
 1613; Frei Manuel Rodrigues
 1590; Bartolomeu Filipe
 1593; Álvaro Vaz (ou Valasco)
 1596?; Cristóvão da Costa
 1804; D. António da Visitação Freire de Carvalho
 1749; Manuel de Azevedo Fortes
 1817; Manuel de Almeida e Sousa de Lobão
 1801; António Soares Barbosa
 1791; João de Loureiro
 Califórnia; José Maria Braga
 1944; José Pedro Braga
 1811; Fr. José Mariano da Conceição Veloso
 1850; João Baptista da Silva Lopes
 Séc. XVIII; João Mendes Sachetti Barbosa
 1819; José António de Sá
 1829; Manuel Joaquim Henriques de Paiva
 1974; Henrique Botelho de Andrade
 1580; Fr. João de São José
 1660; Saul Levi Mortera
 1611; Ambrósio Nunes
 1655; António Carvalho de Parada
 1650; António Pais Viegas
 1893; José Júlio Bettencourt Rodrigues
 1948; José Júlio Rodrigues
 1663; António Henriques Gomes
 1658; D. Manuel da Cunha
XV?; D. Francisco de Viveiro
1964; Rita Vilela
 2000; Luís da Silva Campos
XV; Álvaro Fernandes de Almeida
 1971; Alfredo Marques
XV; D. Filipa de Vilhena
 2011; Jorge Lima Barreto
 1719; Luís Nunes Tinoco
 Séc. XVIII; Frei Miguel das Almas Santas
 1873; José da Gama e Castro
 1964; Artur Basílio de Sá
1941; Manuel Rui
 1973; Nuno Guimarães
 1724; Pe. Bartolomeu Lourenço de Gusmão
 1965; José Bação Leal
 1801; João Chevalier
 1766; Bento de Moura Portugal
 1944; Manuel Ferreira Martins e Abreu
 1907; Júlio Mário Baptista Ripado
 1662; António de Vasconcelos
 1967; Luís Augusto Ferreira Martins
 2014; José Medeiros Ferreira
1956; Manuel António Araújo
 1729; Troilo de Vasconcelos e Silva
 1962; Visconde do Porto da Cruz
 ?; Sóror Maria Benta do Céu
 1722; Manuel de Sousa Moreira
 1855; Mariana Pimentel Maldonado
 1813; Joaquim Severino Ferraz de Campos
 Brasil; António Bersane Leite
 ?; José Nunes de Faria
 Lisboa; Madre Mariana Josefa Joaquina de Sousa
XVIII?; José Alberto Rodrigues
 1611; Tristão Gomes de Castro
 1864; Manuel Odorico Mendes
 Séc. XVII?; António de Brito da Fonseca
 1625; Francisco de Morais Sardinha
1977; João Ricardo Lopes
 1733; Simão António de Santa Catarina
 1656; João IV
XVIII; Fr. Manuel de Maria Santíssima
 1908; Henrique Freire
 1640; Fr. António Rosado
?; Sérgio Esteves da Costa
1942; M. Branco de Matos
 1753; Alexandre de Gusmão
 1816; Pedro José da Fonseca
 1884; Pedro Alexandre Cavroé
1942; Adérito Fernandes Vaz
 2003; Domingos Van-Dúnem
 1997; David Mestre
 Índia; Fr. Gaspar de Amorim
 1758; Rita Clara Freire de Andrade
 2013; Isabel César Anjo
 1973; Evaristo Costa Barreto
 1992; Ricardo Alberty
 1741; João de Morais Madureira Feijó
 1983; Sarah Affonso
 1743; Martinho de Mendonça de Pina e Proença
 Poiares; Pe. José Vicente Gomes de Moura
 Itália; Dom Agostinho Barbosa
 2011; Aldina
 1973; Álvaro Duarte de Almeida
 1969; Roberto Araújo
 foz do Amazonas; Pe. Luís Figueira
 2013; Cristina Lisboa
 1993; António Quadros
 1954; Armindo Reis
 1931; João da Motta Prego
 1963; Aquilino Ribeiro
 1993; Carlos Pinhão
1956; Ernesto Rodrigues
1924; Maria do Carmo Rodrigues
 1993; Odette de Saint-Maurice
 1970; Martins Barata
 1935; Fernando Pessoa
 1981; Alice Ogando
 2010; Jaime Salazar Sampaio
 Açores; Florêncio Terra
 1996; Leonel Neves
 1983; Maria Manuela Couto Viana
1923; Maurício Queiroz
 Brasil; Sidónio Muralha
 2010; Marina Algarvia
1957; António Mota
 1945; Virgínia de Castro e Almeida
 1997; Pedro Alvim
 1804; António José dos Reis Lobato
 1996; Fernando Bento
 Séc. XVII; Pe. Amaro de Roboredo
 1951; Augusto Vieira da Silva
 1948; Leal da Câmara
 1961; Stuart Carvalhais
 1930; António dos Santos Vicente
 2008; João Martins Pereira
1910; Maria do Carvalhal
?; Francisco Valoura
 1984; Amadeu da Cunha Mora
 2010; Dagoberto Markl
 1752; Pe. Inácio da Piedade e Vasconcelos
 1974; Virgínia Faria Gersão
 1946; Carlos Amaral
 1982; Maria Archer
 1951; Maria Paula Azevedo
 2008; António Alçada Baptista
 1922; Eurico Baptista
1922; Agustina Bessa-Luís
 1930; Raul Brandão
 2005; Eugénio de Andrade
 2004; Sophia de Mello Breyner Andresen
 2010; Matilde Rosa Araújo
 1996; Alexandre Cabral
 2012; Papiniano Carlos
 1938; Ângela Varela
 2002; Mário Castrim
 1994; Fernanda de Castro
 1935 - Lisboa; Maria Rosa Colaço
 1979; Aurora Constança
 1993; Maria Cecília Correia
 2005; Álvaro Cunhal
XX; Gabriel Ferrão
 1985; José Gomes Ferreira
 Séc. XX?; Leyguarda Ferreira
 1992; Manuel Ferreira
1972; Yara Kono
 1996; Vergílio Ferreira
 2003; Eduardo Valente da Fonseca
 1991; Lília da Fonseca
 1988; António José Forte
 Brasil; Henrique Galvão
 1983; Alice Gomes
 2010; Madalena Gomes
 França; José Carlos González
 2007; Teresa Guedes
1946; Lídia Jorge
 1986; Patrícia Joyce
 1983; Maria Lamas
 Reino Unido; Olavo de Eça Leal
 1995; José de Lemos
 Santo Tirso; Augusto César Pires de Lima
 1973; Fernando Castro Pires de Lima
1921; Jorge Listopad
 2006; Ilse Losa
 1960; Francisco Duarte Mangas
 1969; Virgínia Lopes Mendonça
 2012; Francisco Viana
 1920; João Vieira (Sabino)
1939; Jesué Pinharanda Gomes
?; António Castelo Branco
 1958; Teófilo Duarte
XVI; Henrique Fernandes Serrão
 1918; Alberto de Madureira
1963; Isabela Figueiredo
 1979; Paulo de Cantos
 1709; António Marques Lésbio
 1931; João Augusto Marques Gomes
 1898?; Cecília Schmidt Branco
 1957; Manuel Ribeiro de Pavia
 1899; Manuel Bento de Sousa
 1843 - Alhandra; José Tomás de Sousa Martins
 1940; João de Deus Rodrigues
 Arganil; José Lourenço de Matos
 1822; Joaquim Machado de Castro
 1823; Cirilo Volkmar Machado
 1944 - Beira; Heliodoro Baptista
 1989; Cartaxo e Trindade
 1961; Stuart Carvalhais
 2005; Eduardo Teixeira Coelho
 1948; Cottinelli Telmo
 1877; Francisco de Assis Rodrigues
 1970; Óscar Paxeco
 ?; Maria da Conceição Portugal Dias
 Séc. XVI; Gonçalo de Baena
 1868 - Nova Goa; Carlos Trajano da Costa
 Torre de Moncorvo; Pe. José Augusto Tavares
 1993; Laura Costa
 1995; Fernando Melo Frazão
 2012; Helena Cidade Moura
 2012; Pedro Ramos de Almeida
 1923; Agostinho Sesinando Marques
XIX; António Francisco Nogueira
 1996; Mamia Roque Gameiro
 1970; Raquel Roque Gameiro
 1862; Vasco Pinto de Sousa Coutinho
 1803 - Angra do Heroísmo; José Maria Pacheco de Aguiar
 1917; João Carlos Rodrigues da Costa
 1835; José da Silva Lisboa
 1831; Joaquim José Rodrigues de Brito
 1921 - Caxias; Carlos Pato
 1913; Jorge Vernex
 1960; José de Arruela
 1979; Manuel Lapa
 1952; Gonçalo Pimenta de Castro
 1871 - Regedora da Feira; António Ferreira Soares
 1983; João da Câmara Leme
 1974; Raul Lino
 1994; Oskar Pinto Lobo
 1976; Diogo Pacheco de Amorim
 1947; Alberto Margaride
 1631; Pe. Valentim de Carvalho
 1952; Ofélia Marques
 1950; D. João de Almeida (Lavradio)
 1939; Raul Tamagnini Barbosa
 Oeiras; Vítor Wladimiro Ferreira
 1943; João Camilo dos Santos
 1870 - ; Maria Feio
 1614; Pe. Nicolau Pimenta
 1616?; Pe. Tomás Estêvão
 1898 - Nova Iorque; Sócrates da Costa
 Séc. XIX - Lisboa; Vicente de Bragança Cunha
 1973; João da Silva Correia
1973; Carlos Campaniço
 Séc. XX; Alberto Estanislau
 1883; Custódio Rebelo de Carvalho
 1921; Alfredo de Morais Pinto
 1878; Miguel António Dias
 2012; João de Sá
 1816; Pe. Jerónimo Soares Barbosa
 1945; Carlos Frias de Carvalho
XVII; João Pacheco de Amorim
 1683; Francisco dos Anjos
 1606; Pedro Barbosa
 1972; Gouvêa Lemos
 2012; João Mendes
 2012; Manuel Ferreira
 1914; Manuel Isaías Abúndio da Silva
 1953; Damião de Vasconcelos
 1964; Abel Viana
 Itália; Francisco Manuel Homem Cristo Filho
 1931; Fernando Garcia
 1974; César dos Santos
 1945; Severo Portela
 1913; João de Meira
 1889; António Avelino Amaro da Silva
 1968; Miguel de Oliveira
 1598 - ; Padre Francisco Machado
1974; Madalena Matoso
 2013; João Honrado
 1956; Aurelino Costa
 1974; Sandro William Junqueira
 1946; Manuel Rodrigues
 1901; Duarte Gustavo Nogueira Soares
 1968; Emmerico Nunes
 1946; Carlos Amaro
 2013; Isabel César Anjo
1947; Raul Malaquias Marques
1925; Maria Natália Miranda
 1946; Antero Monteiro
1933; José Adílio Barbosa Macedo
 2012; Manuel António Pina
 Canárias; José Saramago
 São Miguel; Daniel de Sá
 1965; Judite Jorge
2013; Manuel Silva Terra
 1741; Pe. António Machado Vilas-Boas
 1776; António Lúcio do Porto Pedroso
 Séc. XVIII; Pe. Pedro de Almeida Couraça
 1722; João Castelão Pereira
 Séc. XVII - Braga; Fr. Pedro de Poiares
 2008; Horácio Peixoto de Araújo
 2013; Fernando Eduardo Carita
 1989; José D. Garcia Domingues
 1976; Luís Gonzaga Gomes
 1838 - Coimbra; Júlio Henriques
 China; Pe. Gabriel de Magalhães
 Séc. XVIII?; José Xavier de Valadares e Sousa
 Sátão; António Maria do Soveral
 1639?; Pedro Talésio
 1563; Leonor de Noronha
 1543; D. Pedro de Meneses
 1661; Sóror Maria Mesquita Pimentel
 1497; D. Filipa de Lencastre
 Séc. XVIII; Josefa Teresa dos Serafins
 Séc. XVIII?; João Dias Talaia Sotomaior
 Séc. XVII; Manuel Monteiro de Campos
 Séc. XVII; João Baptista de Este
 1800; Teresa Luísa Febrónia Rosa da Silva
 1700?; D. Isabel Correia 
 1730; Pe. Miguel do Amaral
XVIII; Frei José de Jesus Maria
 1755; Frei Apolinário da Conceição
XVI; Gaspar de S. Miguel
XVI; Jorge Henriques
 1884; Manuel de Melo
 2013; Paulo Bandeira Faria
 1748; Bernardo Pereira de Berredo
 1662; Frei Manuel Caldeira
 Séc. XVII; Fr. Francisco Negrão
 1752; Frei José de Jesus Maria
 1939; Cónego Manuel Anaquim
 1943; Joaquim de Freitas Gonçalves
 1940; Major Artur de Morais
 1987; Pedro de Freitas
 1679; Luís Serrão Pimentel
 2003; João César Monteiro
 1953; João Rico
 Cascais; Orlando Marçal
 1956; José Justino Teixeira Botelho
 1930; Esmeralda de Santiago
 Séc. XX; Simeão Vitória
 2014; Jorge Fallorca
 1924; Humberto Beça
?; Gisela Ramos Rosa
1970; Antonio Saéz Delgado
 1952; Rocha Martins
 1943; António Trabulo
 1974; Manuel Caetano de Sousa
1975; Norberto Morais
 1975; Mário Costa
 1963; Vasco Lopes de Mendonça
 1968; Emmérico Nunes
1923; Vítor Péon
 1967; Milly Possoz
 1955; Rudy
 1966; Júlio de Sousa
 Brasil; Neves e Sousa
 1948; Cottineli Telmo
 1947; Rocha Vieira
1934; Francisco Velasco
 1928; Cruz Magalhães
1967; Helena Osório
 1936; João Guilherme de Meneses Ferreira
 2014; Dalila Cabrita Mateus
 1950; Lúcio Alberto Pinheiro dos Santos
 1950; Joaquim Gomes Monteiro
 1966; Mário de Sampaio Ribeiro
